,C1,C2,C3,C4,C5,C6,cluster
0,3.0,2.75,2.25,2.25,3.0,1.75,2
1,3.25,3.0,1.75,2.75,2.25,3.0,1
2,3.0,2.5,2.75,2.75,2.75,2.0,2
3,3.5,3.5,3.25,2.75,2.25,4.25,1
4,3.75,3.5,2.5,1.25,2.5,3.25,1
5,4.25,4.75,2.0,2.75,2.25,4.25,1
6,3.75,2.0,4.0,3.25,2.25,2.0,2
7,2.25,2.5,2.25,2.0,4.5,1.5,2
8,3.0,3.25,2.75,2.0,3.75,3.25,1
9,3.25,2.25,3.25,3.75,3.75,1.75,2
10,2.75,1.75,3.75,3.5,2.0,1.25,2
11,3.75,1.75,3.5,4.5,3.25,1.75,2
12,3.75,2.25,3.0,4.5,2.5,1.0,2
13,4.0,4.0,2.3333,3.3333,1.6667,4.3333,1
14,4.0,4.3333,1.6667,3.0,2.3333,4.0,1
15,1.6667,1.3333,4.0,1.6667,3.0,1.3333,0
16,2.3333,2.0,4.0,3.3333,2.3333,1.0,2
17,3.6667,4.0,2.0,2.3333,3.6667,4.6667,1
18,4.0,4.0,2.3333,2.0,2.0,3.6667,1
19,3.0,2.6667,3.6667,3.6667,2.6667,2.0,2
20,3.3333,2.3333,3.3333,3.0,3.0,1.6667,2
21,3.3333,1.3333,2.6667,3.3333,2.6667,2.0,2
22,2.6667,2.6667,1.6667,3.3333,2.0,1.0,2
23,2.0,4.0,1.0,1.3333,2.3333,4.6667,1
24,2.0,1.0,4.3333,2.3333,3.0,1.0,0
25,2.3333,1.6667,3.6667,3.6667,2.3333,1.3333,2
26,1.0,1.3333,3.3333,1.0,1.6667,1.6667,0
27,4.0,4.3333,1.6667,2.0,2.6667,5.0,1
28,3.3333,3.3333,3.0,4.3333,3.0,2.3333,2
29,1.0,1.0,1.0,1.0,1.0,1.0,0
30,4.3333,4.6667,1.0,3.0,2.3333,4.0,1
31,1.0,2.0,3.3333,1.3333,3.6667,4.0,0
32,2.3333,2.3333,2.0,2.0,3.6667,2.6667,1
33,1.6667,1.3333,2.3333,1.6667,1.6667,1.6667,0
34,3.6667,3.6667,2.0,3.0,4.3333,1.6667,2
35,3.3333,3.6667,2.6667,1.3333,2.0,4.3333,1
36,4.0,3.0,1.6667,4.3333,1.3333,1.0,2
37,2.0,3.0,2.0,2.0,1.6667,2.3333,0
38,3.3333,4.0,1.3333,3.0,3.3333,4.6667,1
39,2.0,2.3333,2.3333,1.6667,3.3333,4.0,1
40,1.0,1.0,3.6667,2.3333,2.3333,1.3333,0
41,4.3333,4.3333,2.3333,2.3333,1.6667,4.3333,1
42,1.6667,2.3333,2.3333,2.3333,1.6667,2.0,0
43,4.3333,4.6667,1.0,3.0,3.3333,4.6667,1
44,1.0,1.0,4.6667,3.3333,3.6667,1.0,0
45,1.0,1.6667,4.3333,1.0,1.6667,3.0,0
46,3.3333,4.6667,1.0,1.6667,4.0,4.3333,1
47,4.0,3.3333,1.6667,3.0,1.0,1.3333,2
48,3.0,2.6667,1.3333,2.3333,4.3333,2.6667,1
49,1.3333,3.0,1.6667,1.3333,1.3333,1.3333,0
50,3.3333,2.6667,2.6667,3.6667,3.6667,2.0,2
51,3.0,2.6667,2.3333,3.0,4.6667,2.0,2
52,3.6667,4.0,1.0,1.3333,3.0,4.3333,1
53,3.3333,2.3333,2.0,2.3333,3.6667,1.6667,2
54,3.3333,3.6667,1.6667,2.0,3.0,3.6667,1
55,2.6667,1.3333,3.6667,2.6667,5.0,2.6667,2
56,3.6667,4.0,4.0,3.0,2.0,3.6667,1
57,4.3333,4.3333,1.0,1.3333,2.3333,4.3333,1
58,1.3333,1.0,4.6667,1.6667,2.6667,2.3333,0
59,2.6667,2.6667,2.3333,1.6667,2.3333,3.6667,1
60,3.0,3.3333,2.0,3.0,3.0,2.3333,2
61,2.6667,3.0,3.6667,3.6667,1.0,2.0,2
62,4.3333,5.0,1.0,1.6667,3.6667,4.6667,1
63,2.6667,3.0,1.0,1.0,1.3333,3.0,1
64,3.3333,3.0,3.3333,3.0,2.3333,3.6667,1
65,2.3333,2.6667,4.3333,1.0,1.3333,2.3333,0
66,3.6667,4.3333,1.3333,1.3333,3.0,5.0,1
67,2.0,1.6667,3.6667,2.3333,1.0,1.6667,0
68,3.6667,2.3333,1.6667,3.3333,3.6667,2.6667,2
69,3.0,2.0,3.3333,4.0,1.3333,1.0,2
70,3.0,4.0,2.3333,1.6667,3.6667,3.6667,1
71,3.6667,1.3333,4.6667,4.3333,2.3333,1.6667,2
72,3.0,3.3333,1.3333,1.0,2.0,4.3333,1
73,3.3333,3.0,4.0,4.0,4.0,2.6667,2
74,4.0,4.6667,1.0,1.0,4.3333,4.3333,1
75,3.3333,3.6667,2.6667,2.6667,2.0,2.3333,2
76,2.6667,2.0,2.3333,3.0,3.6667,1.6667,2
77,3.3333,4.3333,2.6667,2.0,3.0,4.0,1
78,4.0,4.0,1.3333,2.6667,4.0,4.0,1
79,3.3333,1.6667,3.0,3.3333,1.6667,2.3333,2
80,2.0,1.0,4.6667,3.0,5.0,1.3333,2
81,3.0,2.6667,1.3333,1.0,5.0,2.0,1
82,3.0,3.0,3.0,1.6667,2.0,2.6667,0
83,3.0,2.6667,3.0,3.0,2.6667,1.3333,2
84,2.0,2.6667,3.6667,1.3333,2.6667,2.6667,0
85,3.3333,3.6667,1.6667,2.6667,4.0,4.3333,1
86,3.0,1.6667,3.6667,3.3333,3.0,1.3333,2
87,2.3333,2.6667,2.6667,1.6667,3.0,3.0,1
88,1.6667,1.0,3.6667,3.0,2.0,1.0,0
89,3.6667,4.0,1.6667,1.0,2.3333,3.3333,1
90,4.0,3.0,2.3333,4.3333,1.3333,2.3333,2
91,4.3333,3.6667,2.0,3.6667,3.3333,2.3333,2
92,4.3333,4.3333,1.3333,2.3333,4.0,3.6667,1
93,2.6667,1.3333,4.3333,4.6667,1.6667,1.6667,2
94,3.6667,4.0,3.0,2.6667,3.0,4.0,1
95,2.6667,4.0,3.0,1.0,2.6667,3.3333,1
96,1.6667,2.0,4.0,1.3333,1.6667,2.3333,0
97,3.3333,2.0,4.0,3.6667,2.0,1.0,2
98,4.0,4.0,3.3333,2.6667,2.0,4.0,1
99,2.0,2.0,4.0,2.3333,1.3333,1.6667,0
100,3.6667,4.0,1.0,2.0,3.0,3.3333,1
101,3.3333,3.6667,2.3333,1.3333,2.6667,3.6667,1
102,2.3333,1.0,3.6667,1.3333,3.0,1.0,0
103,2.6667,3.3333,2.3333,1.6667,2.0,3.3333,1
104,3.0,2.6667,1.3333,3.3333,3.3333,1.3333,2
105,1.0,1.0,4.6667,1.3333,4.0,1.3333,0
106,3.6667,3.6667,3.3333,2.6667,1.3333,3.6667,1
107,3.0,3.0,3.6667,3.0,2.0,2.3333,2
108,2.6667,2.3333,3.6667,1.6667,1.6667,3.0,0
109,3.0,4.0,1.3333,1.0,1.6667,4.0,1
110,3.3333,4.3333,2.6667,2.3333,2.3333,4.6667,1
111,3.0,1.3333,4.0,2.6667,2.0,2.0,0
112,1.6667,1.3333,3.6667,3.6667,2.0,2.0,0
113,3.6667,2.0,2.0,4.0,2.6667,1.3333,2
114,3.0,4.0,1.3333,1.0,2.6667,3.6667,1
115,2.3333,2.0,2.6667,2.0,4.3333,2.0,2
116,3.0,3.3333,1.0,4.0,4.3333,2.3333,2
117,2.0,1.6667,3.3333,1.3333,2.0,2.3333,0
118,1.6667,2.6667,2.0,1.0,2.6667,3.3333,1
119,3.0,1.3333,4.6667,3.6667,2.6667,1.3333,2
120,3.3333,1.0,4.3333,4.0,3.3333,1.3333,2
121,2.0,2.3333,2.3333,2.3333,4.6667,1.6667,2
122,4.3333,4.3333,1.0,2.0,1.6667,4.0,1
123,2.6667,2.0,3.0,4.3333,3.6667,1.0,2
124,3.0,1.6667,4.3333,3.0,2.6667,2.3333,2
125,2.0,3.3333,3.3333,1.6667,1.6667,1.6667,0
126,1.0,1.0,1.0,1.0,1.0,1.0,0
127,3.3333,3.6667,1.3333,1.6667,2.6667,3.0,1
128,1.3333,2.0,3.6667,2.3333,2.3333,1.6667,0
129,1.0,1.0,1.0,1.0,1.0,1.0,0
130,3.6667,4.6667,1.6667,2.6667,2.0,3.6667,1
131,3.3333,3.6667,1.0,2.3333,4.3333,4.0,1
132,2.6667,3.0,2.0,1.6667,1.3333,4.3333,1
133,3.3333,3.6667,1.6667,2.0,2.0,4.3333,1
134,4.0,4.0,1.0,1.3333,3.0,4.6667,1
135,2.6667,2.0,4.0,2.0,2.0,2.0,0
136,4.0,3.3333,2.0,5.0,2.3333,1.0,2
137,1.6667,1.3333,3.0,4.0,2.3333,1.0,2
138,3.3333,3.0,2.0,3.0,3.3333,2.0,2
139,3.6667,3.6667,1.6667,1.3333,1.3333,3.3333,1
140,3.0,3.0,3.3333,2.6667,3.3333,1.0,2
141,1.3333,1.6667,3.6667,1.6667,4.3333,1.3333,0
142,3.6667,4.0,2.3333,1.3333,3.3333,3.3333,1
143,3.0,4.0,2.0,2.3333,2.0,3.0,1
144,4.0,4.0,2.0,2.6667,2.6667,3.3333,1
145,3.3333,3.3333,1.6667,2.0,3.0,2.0,1
146,2.0,4.3333,2.0,1.0,3.0,5.0,1
147,2.6667,2.3333,2.6667,3.3333,2.6667,1.0,2
148,3.0,3.0,1.3333,2.0,4.0,3.3333,1
149,4.0,3.6667,1.3333,3.3333,3.0,3.0,1
150,2.0,2.3333,3.3333,2.6667,2.0,3.0,0
151,2.3333,3.0,2.6667,1.0,1.6667,4.3333,1
152,3.0,4.0,2.6667,2.3333,4.0,4.0,1
153,3.0,2.0,4.3333,3.6667,2.0,1.3333,2
154,2.6667,2.3333,1.3333,4.0,3.0,1.3333,2
155,4.3333,4.6667,1.3333,2.0,3.0,4.3333,1
156,2.6667,3.3333,3.3333,1.6667,1.3333,2.6667,0
157,2.6667,2.3333,2.6667,3.0,2.6667,1.0,2
158,2.3333,1.3333,3.0,3.6667,2.3333,1.3333,2
159,4.0,3.0,2.6667,3.6667,2.0,1.3333,2
160,2.0,1.6667,3.6667,1.6667,2.3333,2.3333,0
161,2.3333,2.6667,4.3333,4.0,3.3333,1.6667,2
162,3.0,4.3333,3.0,2.3333,2.6667,4.3333,1
163,2.6667,2.6667,4.3333,2.6667,2.0,4.0,0
164,3.6667,4.0,1.0,2.0,2.3333,4.3333,1
165,2.6667,2.6667,3.0,2.0,1.0,2.6667,0
166,3.0,3.0,2.6667,1.3333,1.6667,1.6667,0
167,4.0,1.6667,3.6667,3.6667,2.3333,2.3333,2
168,4.3333,1.6667,4.3333,4.3333,1.3333,1.3333,2
169,1.0,1.0,5.0,1.6667,2.6667,1.3333,0
170,2.6667,2.0,3.6667,3.3333,3.3333,1.0,2
171,4.0,4.3333,1.0,2.0,2.3333,4.0,1
172,2.6667,1.6667,2.6667,3.0,2.0,1.0,2
173,1.6667,2.6667,3.3333,1.6667,4.0,2.0,0
174,2.3333,2.3333,2.0,2.0,2.3333,1.6667,0
175,2.3333,1.3333,3.6667,3.3333,2.6667,1.0,2
176,2.3333,1.3333,4.0,3.0,1.0,2.0,0
177,2.6667,1.3333,3.6667,3.6667,1.6667,2.0,2
178,2.0,1.0,4.6667,2.6667,3.0,2.3333,0
179,2.3333,1.6667,3.0,3.3333,3.6667,1.6667,2
180,3.3333,2.3333,1.3333,3.6667,4.6667,1.3333,2
181,1.0,1.0,1.0,1.0,1.0,1.0,0
182,3.3333,3.6667,2.3333,2.3333,2.3333,3.3333,1
183,3.3333,3.6667,1.0,2.3333,4.6667,3.6667,1
184,4.0,4.6667,1.0,2.0,2.6667,4.3333,1
185,4.3333,5.0,1.0,1.6667,4.6667,5.0,1
186,4.3333,4.6667,1.0,2.6667,4.6667,3.0,1
187,2.0,2.0,3.3333,2.0,2.6667,2.6667,0
188,4.0,3.6667,1.3333,2.0,3.3333,4.0,1
189,3.0,3.3333,3.0,2.3333,2.6667,2.3333,2
190,1.6667,2.6667,3.6667,1.0,1.3333,2.3333,0
191,2.6667,1.6667,4.0,2.6667,4.3333,1.3333,2
192,2.6667,3.0,2.6667,2.3333,1.6667,2.3333,0
193,3.6667,3.3333,2.0,2.3333,3.0,4.3333,1
194,3.6667,1.6667,3.0,4.0,1.6667,1.3333,2
195,3.3333,3.3333,1.0,3.0,4.3333,3.0,1
196,2.0,1.6667,3.0,2.6667,1.6667,2.6667,0
197,1.0,1.0,1.0,1.0,1.0,1.0,0
198,3.6667,3.6667,1.6667,1.0,3.6667,3.3333,1
199,3.3333,2.3333,2.6667,3.0,1.3333,1.0,2
200,1.6667,1.6667,3.3333,1.3333,2.0,1.0,0
201,3.3333,3.0,1.6667,3.3333,1.6667,2.3333,2
202,2.6667,1.3333,4.6667,3.0,2.3333,1.3333,0
203,1.6667,1.3333,3.0,2.0,1.3333,1.0,0
204,1.3333,2.6667,3.3333,1.6667,1.3333,1.3333,0
205,4.6667,4.6667,1.0,2.3333,2.3333,4.3333,1
206,3.3333,3.6667,1.6667,1.0,2.6667,4.6667,1
207,1.3333,1.3333,3.3333,2.0,3.0,1.6667,0
208,3.3333,3.0,2.6667,2.6667,4.3333,3.3333,1
209,2.3333,2.0,3.6667,3.0,4.6667,3.0,2
210,2.6667,1.6667,4.3333,3.6667,3.3333,1.3333,2
211,2.3333,2.0,2.6667,2.3333,4.0,1.3333,2
212,3.0,3.0,3.0,2.0,1.3333,3.3333,1
213,1.6667,1.0,4.6667,2.0,3.0,2.3333,0
214,1.3333,1.6667,2.0,2.3333,5.0,1.0,2
215,4.0,2.6667,3.3333,4.6667,2.6667,1.0,2
216,2.3333,3.0,2.6667,2.6667,2.0,3.3333,1
217,1.6667,2.3333,4.0,1.0,2.3333,2.3333,0
218,3.0,3.6667,1.6667,1.6667,2.6667,4.0,1
219,3.0,1.6667,3.6667,2.6667,1.6667,1.6667,0
220,4.0,4.6667,1.0,2.6667,3.6667,4.6667,1
221,2.0,2.6667,3.6667,1.0,2.0,1.6667,0
222,3.3333,4.6667,1.0,1.6667,4.0,4.6667,1
223,3.6667,4.0,1.0,2.0,3.0,5.0,1
224,3.3333,3.6667,2.6667,2.3333,2.3333,3.3333,1
225,3.6667,4.3333,1.0,2.3333,3.6667,4.3333,1
226,1.3333,2.3333,3.0,2.0,1.6667,3.0,0
227,2.6667,2.3333,3.3333,4.3333,2.0,1.6667,2
228,3.0,1.6667,3.6667,2.0,1.6667,2.6667,0
229,4.0,3.6667,1.0,2.6667,2.6667,3.0,1
230,2.6667,2.3333,2.6667,3.3333,3.3333,1.0,2
231,3.3333,3.0,1.0,1.3333,4.6667,1.6667,1
232,3.0,2.6667,2.0,4.0,3.3333,1.6667,2
233,3.3333,4.0,1.6667,2.6667,2.0,4.6667,1
234,4.6667,4.6667,1.0,1.6667,3.6667,5.0,1
235,3.0,2.3333,2.3333,3.0,2.3333,1.6667,2
236,2.6667,3.0,1.0,2.3333,2.6667,2.3333,1
237,3.6667,2.6667,3.3333,2.0,2.0,3.0,2
238,1.3333,1.6667,3.6667,2.3333,2.3333,3.0,0
239,3.3333,3.0,1.0,1.6667,4.6667,3.0,1
240,2.3333,2.6667,2.0,1.6667,2.3333,3.3333,1
241,4.0,4.6667,1.6667,3.0,3.0,4.3333,1
242,3.3333,1.0,4.6667,4.3333,1.3333,1.6667,2
243,3.3333,2.3333,4.0,2.6667,3.6667,1.0,2
244,2.0,2.0,3.6667,1.6667,1.3333,3.3333,0
245,2.3333,2.3333,3.3333,3.6667,1.3333,2.0,2
246,3.3333,2.6667,3.0,4.0,4.3333,2.0,2
247,2.6667,2.3333,2.3333,2.6667,1.3333,2.0,2
248,3.0,1.3333,4.6667,4.3333,3.0,1.3333,2
249,3.0,2.6667,3.6667,3.3333,2.0,1.0,2
250,3.0,4.0,1.0,2.3333,3.0,4.6667,1
251,4.3333,4.6667,1.3333,3.3333,3.3333,4.6667,1
252,1.6667,1.3333,3.3333,3.3333,2.0,1.0,0
253,3.6667,2.0,3.0,4.3333,1.6667,1.3333,2
254,3.0,2.0,3.6667,2.0,2.6667,2.3333,0
255,2.3333,3.0,3.0,3.0,2.6667,1.3333,2
256,4.0,4.3333,1.0,2.6667,4.3333,4.0,1
257,3.3333,2.6667,1.6667,1.6667,3.3333,2.3333,1
258,2.0,2.6667,1.0,1.3333,2.3333,3.6667,1
259,3.6667,1.6667,4.0,4.0,1.6667,3.0,2
260,1.0,1.3333,4.3333,1.3333,1.0,1.3333,0
261,2.3333,1.6667,4.3333,4.0,2.6667,1.3333,2
262,3.6667,3.6667,2.0,2.0,1.6667,3.6667,1
263,3.3333,3.3333,2.3333,4.3333,2.3333,1.6667,2
264,4.0,3.6667,2.3333,3.0,2.0,1.6667,2
265,4.3333,4.3333,1.3333,2.3333,4.0,3.3333,1
266,4.3333,4.3333,1.0,2.6667,4.0,3.6667,1
267,1.3333,2.0,3.0,1.0,2.6667,4.0,0
268,3.6667,3.3333,2.0,1.6667,3.0,4.3333,1
269,2.3333,2.3333,3.6667,3.3333,1.0,2.3333,0
270,1.6667,1.6667,2.0,1.3333,3.3333,1.3333,0
271,2.0,1.3333,4.6667,3.0,2.6667,1.0,0
272,2.6667,4.3333,2.0,1.3333,4.3333,5.0,1
273,4.3333,4.3333,1.0,3.3333,2.3333,4.6667,1
274,3.6667,3.3333,1.6667,1.3333,2.6667,3.3333,1
275,2.3333,1.0,2.0,3.0,5.0,1.0,2
276,1.3333,3.3333,2.6667,1.0,1.0,2.3333,0
277,3.3333,4.0,1.0,2.3333,4.3333,3.3333,1
278,3.3333,1.3333,3.6667,4.3333,3.6667,2.0,2
279,3.0,2.3333,3.0,4.6667,4.0,2.0,2
280,3.0,2.6667,3.6667,3.6667,3.3333,3.0,2
281,2.6667,1.3333,4.3333,1.3333,2.0,2.3333,0
282,2.0,1.3333,4.3333,2.6667,3.0,2.0,0
283,1.6667,1.3333,3.0,1.3333,4.0,2.0,0
284,3.3333,2.6667,1.6667,2.3333,4.6667,4.0,1
285,2.6667,1.0,5.0,3.6667,2.0,2.3333,0
286,2.3333,2.0,4.0,2.3333,2.6667,3.0,0
287,3.0,1.3333,4.6667,4.6667,2.6667,1.6667,2
288,2.6667,3.3333,2.0,1.6667,1.0,2.6667,1
289,1.6667,2.6667,4.0,1.3333,2.3333,2.3333,0
290,3.6667,3.3333,1.3333,2.6667,1.3333,1.6667,2
291,2.6667,3.3333,1.0,1.0,1.3333,3.6667,1
292,2.3333,2.0,2.6667,3.0,2.0,1.3333,2
293,1.6667,2.0,3.0,1.6667,2.3333,2.0,0
294,4.0,3.6667,1.3333,3.0,3.6667,3.0,1
295,2.3333,2.3333,3.3333,3.0,3.0,1.6667,2
296,4.0,3.0,3.0,3.6667,3.0,3.0,2
297,2.6667,2.6667,2.3333,2.6667,5.0,2.6667,2
298,2.3333,2.6667,3.0,2.3333,2.6667,2.6667,0
299,4.3333,4.6667,1.3333,3.0,3.6667,5.0,1
300,3.6667,2.0,1.0,4.6667,4.0,1.6667,2
301,3.6667,3.6667,1.6667,1.3333,3.3333,4.3333,1
302,4.3333,4.6667,1.6667,2.0,5.0,4.6667,1
303,3.6667,4.3333,2.0,3.3333,2.6667,3.6667,1
304,3.6667,2.3333,3.3333,4.0,1.3333,1.3333,2
305,4.0,4.3333,1.0,2.6667,3.6667,4.3333,1
306,1.3333,1.6667,3.3333,1.6667,1.3333,2.0,0
307,3.0,2.3333,2.6667,2.6667,1.0,1.6667,2
308,2.0,1.0,4.0,3.3333,1.0,1.0,0
309,3.3333,2.3333,1.3333,3.6667,5.0,2.0,2
310,2.6667,3.3333,4.0,1.6667,2.0,2.3333,0
311,3.6667,4.0,1.0,3.3333,4.6667,2.6667,1
312,2.6667,3.3333,2.6667,1.6667,2.0,2.3333,1
313,3.3333,3.3333,2.6667,1.0,1.0,3.6667,1
314,3.3333,1.0,2.6667,4.6667,3.6667,1.0,2
315,2.6667,3.0,2.0,1.0,3.3333,3.3333,1
316,3.0,2.6667,2.6667,2.0,2.6667,3.0,1
317,1.6667,1.3333,2.6667,2.0,2.0,1.3333,0
318,2.6667,4.3333,1.0,2.0,3.3333,5.0,1
319,2.3333,4.0,2.6667,2.0,2.3333,4.0,1
320,4.3333,4.3333,2.0,3.6667,4.0,4.3333,1
321,2.3333,1.6667,3.6667,3.0,3.6667,1.0,2
322,2.3333,1.0,4.3333,4.6667,2.3333,1.0,2
323,3.3333,3.6667,1.3333,1.6667,3.3333,4.3333,1
324,3.0,2.0,3.3333,4.0,4.3333,1.6667,2
325,3.6667,2.3333,2.0,4.0,3.6667,1.6667,2
326,2.6667,4.0,1.6667,1.3333,1.6667,3.3333,1
327,2.0,2.0,3.6667,2.0,2.0,1.0,0
328,3.0,3.6667,2.0,2.6667,3.3333,4.0,1
329,3.3333,3.3333,1.6667,3.6667,2.0,2.0,2
330,3.3333,3.0,3.3333,1.6667,3.3333,3.6667,1
331,3.0,2.3333,2.6667,2.3333,2.6667,1.6667,2
332,3.6667,2.6667,3.0,3.6667,2.6667,2.0,2
333,1.6667,2.0,3.0,2.3333,2.0,1.6667,0
334,2.6667,3.0,2.0,2.6667,5.0,1.0,2
335,1.6667,1.3333,4.3333,2.3333,2.0,2.3333,0
336,3.0,1.3333,4.3333,3.0,1.0,1.6667,0
337,4.0,4.3333,1.0,3.0,3.0,3.3333,1
338,3.0,3.3333,3.3333,1.0,2.6667,4.3333,1
339,1.6667,1.6667,4.0,3.6667,3.6667,2.6667,2
340,1.6667,1.3333,3.6667,2.3333,3.0,1.3333,0
341,2.3333,1.0,5.0,3.6667,1.0,1.6667,0
342,3.6667,4.3333,1.3333,1.3333,3.3333,4.0,1
343,3.0,4.0,1.3333,1.3333,2.0,4.3333,1
344,3.6667,4.6667,1.6667,1.6667,2.0,4.3333,1
345,2.6667,2.0,2.6667,3.0,2.6667,2.6667,2
346,2.6667,2.6667,3.6667,2.3333,2.0,4.0,0
347,3.6667,2.0,4.0,4.3333,2.3333,2.0,2
348,4.3333,4.0,3.0,2.3333,2.3333,3.6667,1
349,3.3333,3.6667,2.0,1.6667,4.3333,4.0,1
350,2.6667,2.0,1.0,4.6667,1.6667,2.0,2
351,3.6667,3.0,1.6667,3.0,4.6667,2.6667,1
352,2.0,2.3333,3.6667,3.6667,3.3333,1.0,2
353,3.0,2.0,3.0,2.6667,2.0,2.0,2
354,4.3333,4.3333,1.0,2.0,2.6667,4.3333,1
355,3.6667,4.0,1.3333,3.0,4.0,4.3333,1
356,3.6667,3.3333,1.6667,1.6667,2.0,3.3333,1
357,2.3333,2.3333,2.6667,4.3333,3.6667,2.6667,2
358,2.6667,2.6667,3.3333,4.0,2.6667,3.3333,2
359,2.6667,2.3333,3.0,2.0,4.0,2.0,2
360,3.6667,3.6667,1.0,2.0,2.6667,3.0,1
361,3.0,3.3333,2.3333,4.0,2.6667,2.0,2
362,4.3333,5.0,1.0,3.3333,3.6667,4.6667,1
363,2.3333,2.6667,1.3333,3.3333,5.0,2.3333,2
364,4.3333,4.6667,1.3333,2.0,4.3333,5.0,1
365,2.6667,1.6667,4.6667,3.3333,3.0,1.0,2
366,2.3333,2.3333,3.0,2.0,1.6667,2.3333,0
367,2.3333,2.0,3.3333,1.3333,1.0,2.3333,0
368,2.3333,2.0,2.6667,2.3333,1.3333,2.0,0
369,2.6667,3.0,2.0,2.0,2.0,2.3333,1
370,4.6667,4.6667,1.0,1.6667,2.6667,3.6667,1
371,2.6667,2.0,3.6667,3.3333,2.6667,1.6667,2
372,4.0,3.0,1.6667,4.3333,4.0,3.3333,2
373,3.6667,3.0,2.3333,2.0,4.3333,1.3333,2
374,2.6667,3.0,3.3333,2.3333,1.0,3.6667,0
375,2.0,1.6667,4.0,3.3333,2.3333,2.0,0
376,1.0,1.0,1.0,1.0,1.0,1.0,0
377,3.0,2.6667,3.3333,2.3333,2.6667,2.3333,2
378,2.6667,2.0,4.0,1.6667,2.0,4.0,0
379,3.3333,4.6667,1.0,1.0,4.3333,4.3333,1
380,3.3333,2.3333,3.3333,3.6667,2.3333,2.3333,2
381,4.3333,3.0,3.6667,3.0,4.6667,1.6667,2
382,2.6667,3.3333,1.6667,1.3333,1.0,2.6667,1
383,3.0,3.3333,2.3333,1.0,1.3333,3.6667,1
384,3.3333,2.3333,3.0,3.0,2.6667,1.6667,2
385,3.6667,2.0,3.3333,4.0,3.6667,2.0,2
386,4.0,4.0,1.0,3.0,3.3333,3.3333,1
387,1.6667,1.3333,4.3333,1.6667,2.3333,2.6667,0
388,4.0,3.0,3.6667,2.3333,3.6667,2.0,2
389,2.3333,3.6667,2.3333,1.0,2.0,4.3333,1
390,2.6667,1.3333,4.3333,3.6667,2.0,1.6667,2
391,2.6667,3.3333,3.0,2.3333,2.0,2.3333,2
392,3.0,2.3333,2.6667,1.0,4.3333,3.3333,1
393,2.0,2.6667,4.6667,2.0,1.0,4.0,0
394,2.0,1.0,3.6667,3.0,2.3333,1.0,0
395,1.0,1.0,4.0,1.6667,4.0,1.0,0
396,1.0,1.0,1.0,1.0,1.0,1.0,0
397,2.6667,2.3333,3.0,2.6667,2.0,2.0,2
398,4.0,4.6667,1.6667,2.0,2.0,3.6667,1
399,4.0,3.0,3.0,3.3333,2.6667,3.0,2
400,2.6667,2.0,4.3333,2.0,2.3333,2.0,0
401,1.6667,1.6667,3.6667,1.3333,2.0,2.6667,0
402,2.6667,2.6667,3.3333,2.3333,2.3333,2.0,0
403,2.3333,2.3333,1.0,1.0,5.0,4.0,1
404,2.0,2.3333,3.3333,2.3333,2.6667,2.0,0
405,3.3333,1.0,5.0,4.6667,1.3333,1.6667,2
406,2.3333,2.0,2.0,3.3333,3.0,2.3333,2
407,3.0,3.6667,2.3333,2.0,2.6667,3.6667,1
408,3.3333,2.6667,2.0,3.3333,2.6667,2.6667,2
409,2.0,2.3333,4.3333,1.3333,3.3333,2.6667,0
410,3.3333,3.3333,1.6667,1.6667,1.3333,3.0,1
411,3.0,1.0,3.6667,4.3333,2.0,1.0,2
412,2.6667,3.0,2.0,2.0,4.3333,1.3333,2
413,2.6667,1.3333,4.0,3.6667,2.0,1.6667,2
414,3.6667,3.0,3.6667,3.3333,4.6667,2.3333,2
415,2.6667,2.6667,1.3333,2.6667,2.3333,1.3333,2
416,3.6667,3.3333,2.6667,2.0,1.6667,2.3333,1
417,2.3333,2.6667,3.0,1.6667,1.0,3.6667,0
418,3.0,3.6667,1.3333,4.3333,3.0,1.3333,2
419,2.6667,1.6667,4.3333,3.0,2.3333,1.6667,0
420,4.0,4.6667,1.0,2.3333,1.6667,4.0,1
421,3.6667,4.3333,1.0,1.6667,3.0,3.6667,1
422,2.0,1.3333,4.0,4.0,2.0,1.0,2
423,3.3333,3.0,3.0,2.0,2.6667,4.3333,1
424,2.3333,2.6667,3.0,2.0,3.6667,1.6667,2
425,3.3333,3.6667,1.6667,1.0,4.6667,2.3333,1
426,2.3333,2.0,3.3333,2.6667,1.3333,2.0,0
427,3.6667,4.6667,1.6667,2.0,2.0,4.3333,1
428,4.6667,2.6667,3.6667,3.6667,2.0,2.0,2
429,4.0,4.6667,1.0,2.6667,3.3333,3.6667,1
430,3.6667,3.0,3.3333,4.6667,4.3333,2.6667,2
431,3.0,4.6667,2.0,1.6667,1.0,3.6667,1
432,4.3333,5.0,1.0,4.3333,5.0,4.0,1
433,2.3333,2.0,4.0,3.0,4.0,3.3333,2
434,1.6667,1.3333,4.0,2.6667,1.3333,1.6667,0
435,1.3333,1.0,5.0,3.0,1.3333,1.0,0
436,3.0,2.3333,3.3333,3.3333,1.6667,1.6667,2
437,1.6667,1.0,4.0,1.6667,2.3333,2.0,0
438,3.0,4.0,2.3333,2.0,2.3333,4.3333,1
439,2.3333,3.3333,2.6667,1.6667,2.0,3.3333,1
440,1.0,1.0,4.3333,1.6667,1.3333,1.6667,0
441,2.3333,3.3333,1.6667,1.6667,3.6667,2.0,1
442,2.0,3.0,3.6667,1.6667,2.3333,4.3333,1
443,2.3333,1.0,3.6667,3.6667,2.0,1.0,2
444,4.0,3.3333,2.6667,3.6667,4.0,2.6667,2
445,2.6667,2.6667,3.6667,2.3333,2.6667,3.0,0
446,3.3333,3.0,2.3333,3.0,3.6667,2.6667,2
447,3.6667,4.0,3.0,2.3333,4.3333,2.6667,1
448,2.0,1.3333,4.3333,2.3333,3.3333,1.0,0
449,1.6667,1.3333,4.3333,1.3333,2.0,2.0,0
450,1.6667,1.0,3.3333,3.0,4.6667,1.0,2
451,4.0,3.6667,1.3333,3.3333,4.3333,3.6667,1
452,2.6667,3.3333,2.6667,2.3333,3.0,4.6667,1
453,3.6667,2.0,2.6667,3.0,4.0,2.6667,2
454,4.3333,4.3333,1.3333,3.0,3.6667,4.3333,1
455,1.3333,2.6667,1.6667,1.0,4.3333,2.3333,1
456,3.0,1.6667,1.6667,2.3333,3.6667,1.0,2
457,2.6667,1.6667,4.0,4.0,2.0,2.0,2
458,2.0,3.0,3.0,2.3333,2.0,4.0,1
459,1.6667,1.6667,3.0,2.0,3.3333,2.3333,0
460,3.0,2.6667,1.0,1.3333,5.0,3.6667,1
461,2.6667,2.0,2.6667,4.6667,2.6667,1.0,2
462,1.3333,1.3333,3.6667,2.3333,1.6667,1.3333,0
463,1.6667,1.6667,4.3333,1.0,1.6667,1.6667,0
464,3.3333,4.3333,4.0,1.0,2.0,4.6667,1
465,3.3333,3.0,1.6667,1.6667,3.0,3.6667,1
466,2.6667,3.0,1.6667,1.6667,3.3333,2.3333,1
467,4.3333,5.0,1.0,1.6667,2.0,3.0,1
468,4.0,4.3333,2.0,1.3333,2.0,4.3333,1
469,3.3333,3.6667,1.6667,2.0,2.6667,2.6667,1
470,4.0,4.3333,2.3333,3.3333,3.3333,3.6667,1
471,3.3333,4.6667,3.3333,2.3333,2.0,4.6667,1
472,2.3333,2.0,3.0,3.6667,4.6667,1.3333,2
473,2.3333,2.6667,3.6667,1.6667,1.3333,3.3333,0
474,3.0,2.3333,4.6667,3.3333,1.6667,1.0,2
475,2.6667,2.0,3.0,2.6667,1.3333,1.0,0
476,1.0,1.0,1.0,1.0,1.0,1.0,0
477,1.6667,1.6667,4.3333,3.0,2.3333,1.0,0
478,2.0,1.0,4.0,2.0,2.6667,1.3333,0
479,2.0,1.0,4.0,2.0,3.3333,2.0,0
480,2.0,1.0,3.6667,3.3333,2.6667,1.6667,0
481,3.3333,4.0,4.0,3.0,3.3333,2.6667,2
482,2.3333,2.6667,3.0,3.0,1.6667,2.0,2
483,2.6667,2.0,2.3333,4.6667,3.0,1.6667,2
484,3.3333,2.0,4.0,3.3333,2.6667,2.0,2
485,3.6667,3.3333,1.6667,1.6667,3.3333,3.0,1
486,2.6667,4.0,2.0,2.0,3.3333,3.3333,1
487,2.3333,2.0,4.6667,1.6667,2.0,1.6667,0
488,1.3333,1.6667,1.0,1.6667,1.0,1.3333,0
489,4.0,4.3333,1.0,1.6667,4.6667,4.0,1
490,2.0,3.0,1.0,1.6667,5.0,2.6667,1
491,2.6667,2.0,4.0,2.6667,1.6667,1.3333,0
492,4.0,5.0,1.0,1.6667,3.0,3.6667,1
493,2.6667,3.0,2.0,1.6667,3.3333,3.0,1
494,3.0,2.6667,3.3333,2.6667,2.3333,2.6667,2
495,2.3333,2.0,4.0,3.6667,1.0,3.0,0
496,3.6667,4.0,2.0,1.0,1.3333,4.6667,1
497,3.6667,4.3333,3.0,1.6667,2.0,4.0,1
498,4.0,4.3333,1.3333,2.6667,4.3333,4.6667,1
499,4.0,4.3333,1.6667,1.3333,2.0,4.6667,1
500,2.5,2.25,3.0,2.75,1.75,3.0,0
501,1.5,2.5,2.75,3.0,2.0,1.5,0
502,1.75,3.0,2.25,1.0,2.75,3.5,1
503,3.25,3.5,3.75,1.5,2.5,3.0,1
504,2.5,2.0,3.75,3.0,2.5,1.5,2
505,3.75,3.75,1.75,1.5,2.5,2.5,1
506,3.25,2.75,2.0,1.75,2.5,3.25,1
507,3.5,3.75,1.5,2.75,3.0,2.25,1
508,1.75,2.0,2.25,1.75,2.75,2.0,0
509,2.5,3.25,3.0,1.25,1.75,3.5,1
510,3.0,3.0,1.5,3.75,2.5,2.25,2
511,3.75,4.0,3.0,3.0,1.5,3.25,1
512,1.6667,2.6667,1.3333,3.0,3.3333,2.0,2
513,2.3333,3.0,3.0,3.0,3.3333,2.6667,2
514,4.3333,4.3333,2.3333,3.3333,3.3333,2.6667,1
515,4.0,4.3333,1.3333,2.6667,2.3333,4.3333,1
516,4.0,4.3333,1.0,2.0,2.0,4.6667,1
517,4.0,4.6667,1.0,2.0,2.0,2.0,1
518,3.3333,2.3333,2.3333,3.6667,1.6667,2.3333,2
519,2.6667,3.6667,1.3333,1.6667,2.3333,4.0,1
520,3.6667,3.3333,1.0,1.3333,2.6667,3.3333,1
521,2.6667,2.6667,4.0,4.3333,1.3333,1.0,2
522,3.6667,2.3333,3.6667,4.0,1.6667,1.6667,2
523,3.0,2.3333,2.3333,1.6667,3.6667,1.6667,2
524,3.3333,3.0,3.0,2.6667,2.0,3.0,2
525,3.6667,2.0,4.6667,3.0,3.6667,1.0,2
526,3.6667,3.3333,2.3333,2.0,2.0,3.0,1
527,3.0,3.3333,3.3333,1.0,2.0,3.0,1
528,2.6667,2.6667,2.3333,1.6667,2.6667,2.3333,0
529,4.6667,5.0,1.6667,2.6667,2.6667,4.0,1
530,3.6667,3.3333,3.3333,2.0,2.3333,3.3333,1
531,3.6667,4.0,1.0,1.3333,2.6667,4.0,1
532,1.3333,3.0,3.3333,1.0,1.0,1.0,0
533,3.3333,3.0,3.0,3.3333,1.0,2.3333,2
534,4.0,4.0,1.3333,1.3333,1.0,2.6667,1
535,4.0,4.6667,1.0,1.6667,2.0,4.3333,1
536,4.0,4.3333,1.0,2.3333,2.0,3.3333,1
537,4.3333,3.3333,3.0,3.6667,2.6667,1.3333,2
538,3.3333,3.6667,2.3333,4.0,2.3333,2.3333,2
539,4.0,3.0,2.0,3.3333,2.0,2.0,2
540,2.3333,1.3333,4.0,3.0,2.0,2.0,0
541,2.6667,3.6667,1.0,1.3333,3.6667,4.3333,1
542,3.3333,3.6667,2.6667,1.6667,1.3333,4.0,1
543,1.0,1.0,1.0,1.0,1.0,1.0,0
544,4.3333,3.6667,3.0,3.6667,1.3333,1.0,2
545,4.3333,5.0,1.0,2.6667,4.6667,4.6667,1
546,2.6667,2.3333,1.0,2.3333,3.0,2.0,2
547,3.3333,3.6667,1.3333,3.0,1.0,1.6667,2
548,4.0,4.6667,1.0,1.0,4.0,4.0,1
549,1.3333,1.3333,4.3333,2.0,3.3333,1.3333,0
550,3.0,3.0,2.6667,3.3333,2.0,1.6667,2
551,4.0,4.3333,1.6667,2.3333,4.6667,3.6667,1
552,3.3333,3.6667,2.0,2.6667,1.0,1.6667,2
553,4.0,3.6667,2.3333,3.6667,1.3333,2.6667,2
554,2.3333,3.6667,2.0,1.6667,2.0,3.3333,1
555,2.3333,2.0,4.0,1.0,2.0,2.3333,0
556,3.6667,3.3333,3.0,2.6667,2.0,2.3333,2
557,3.0,2.6667,1.6667,2.0,3.0,3.0,1
558,3.6667,3.6667,2.3333,2.3333,2.3333,3.3333,1
559,3.6667,3.3333,1.3333,2.6667,2.0,2.0,1
560,2.3333,2.0,3.3333,2.0,2.0,1.3333,0
561,3.6667,3.6667,1.0,2.6667,4.6667,3.0,1
562,4.3333,4.6667,2.0,2.3333,2.3333,4.6667,1
563,3.0,3.3333,1.6667,2.0,2.3333,1.6667,1
564,4.3333,3.3333,3.0,3.0,3.3333,1.3333,2
565,2.6667,3.0,3.0,3.3333,3.3333,2.0,2
566,3.6667,4.0,1.6667,3.0,2.3333,1.3333,2
567,3.3333,3.6667,2.3333,2.3333,3.0,4.3333,1
568,3.0,1.3333,3.6667,4.0,3.3333,1.3333,2
569,2.0,1.3333,3.3333,2.0,1.3333,1.3333,0
570,3.3333,3.0,3.0,3.6667,1.0,1.3333,2
571,4.0,3.0,3.0,3.6667,4.3333,1.6667,2
572,3.3333,4.3333,1.6667,2.0,3.6667,2.6667,1
573,4.6667,4.0,2.3333,2.6667,3.6667,3.3333,1
574,3.0,3.0,2.0,2.3333,2.0,1.0,2
575,2.6667,2.0,4.0,3.0,2.0,2.3333,0
576,3.3333,3.3333,2.0,1.3333,4.3333,3.3333,1
577,1.3333,2.3333,4.0,2.3333,3.0,2.0,0
578,3.0,3.6667,1.3333,1.0,1.6667,1.6667,1
579,3.0,2.3333,2.0,2.3333,4.3333,2.0,2
580,2.3333,2.3333,3.6667,4.0,2.0,1.0,2
581,3.3333,3.3333,2.6667,4.0,2.0,1.6667,2
582,4.0,4.3333,1.6667,2.3333,3.6667,4.0,1
583,4.0,4.0,1.3333,3.0,4.0,3.0,1
584,2.3333,2.0,3.0,3.6667,2.3333,1.6667,2
585,1.3333,3.0,4.0,1.0,1.3333,3.6667,0
586,3.3333,2.3333,4.0,4.6667,2.0,1.0,2
587,3.3333,4.0,1.0,2.0,3.6667,4.0,1
588,4.6667,4.6667,2.0,3.6667,4.0,4.6667,1
589,3.6667,3.3333,2.6667,4.0,1.6667,1.0,2
590,3.0,2.6667,2.3333,3.0,1.6667,1.3333,2
591,2.3333,2.6667,3.0,1.0,2.0,2.0,0
592,2.6667,2.0,1.3333,3.6667,2.6667,1.3333,2
593,3.6667,4.6667,1.3333,2.6667,1.6667,2.6667,1
594,1.6667,2.0,4.0,1.6667,2.0,2.0,0
595,3.3333,3.3333,1.0,3.0,2.6667,3.0,1
596,4.3333,4.6667,1.0,3.0,3.0,3.3333,1
597,1.6667,1.0,4.6667,4.0,1.6667,1.6667,0
598,2.6667,2.6667,3.0,2.6667,2.0,2.3333,2
599,3.6667,3.6667,1.6667,2.3333,3.6667,3.6667,1
600,3.6667,3.0,2.6667,2.6667,2.3333,1.3333,2
601,3.6667,3.3333,3.6667,3.0,3.0,4.0,1
602,3.6667,4.6667,1.0,1.3333,3.3333,4.0,1
603,5.0,3.6667,3.6667,3.6667,2.0,1.3333,2
604,3.0,3.0,1.6667,2.3333,4.3333,2.3333,1
605,4.3333,2.6667,1.6667,3.3333,3.3333,2.3333,2
606,4.6667,3.6667,3.6667,4.0,1.6667,1.6667,2
607,2.6667,2.3333,2.6667,2.6667,2.0,1.6667,2
608,3.6667,4.3333,1.3333,2.3333,2.0,3.6667,1
609,4.0,3.0,2.6667,3.0,3.0,1.0,2
610,1.6667,1.6667,3.6667,2.3333,3.3333,3.3333,0
611,3.6667,3.3333,1.3333,3.3333,2.3333,1.6667,2
612,4.0,2.0,3.6667,4.0,4.0,2.3333,2
613,1.0,1.0,4.3333,1.0,2.0,1.0,0
614,2.3333,2.0,3.6667,1.3333,2.0,1.6667,0
615,5.0,4.0,2.3333,3.6667,2.0,2.6667,1
616,1.0,1.0,1.0,1.0,1.0,1.0,0
617,3.3333,3.3333,3.0,2.3333,2.6667,3.3333,1
618,3.3333,3.6667,1.3333,2.0,3.3333,3.6667,1
619,3.3333,3.0,2.6667,3.3333,3.0,2.3333,2
620,1.6667,2.3333,2.6667,1.0,4.6667,1.6667,0
621,3.0,4.0,1.6667,1.0,3.6667,4.3333,1
622,2.3333,3.0,3.0,2.3333,3.0,2.3333,2
623,3.0,1.3333,3.3333,4.0,3.6667,1.0,2
624,4.6667,4.0,1.6667,4.0,2.6667,1.3333,2
625,2.3333,2.6667,3.6667,1.3333,2.3333,2.0,0
626,3.6667,3.0,2.6667,4.0,1.3333,3.6667,2
627,3.3333,4.3333,2.3333,2.3333,2.0,4.0,1
628,3.3333,2.0,3.3333,1.6667,2.3333,1.6667,0
629,1.6667,2.6667,3.3333,1.3333,2.0,3.3333,0
630,2.6667,2.0,2.6667,2.0,2.3333,2.0,0
631,3.3333,4.3333,1.6667,1.3333,3.0,3.0,1
632,2.6667,3.0,2.0,1.6667,2.6667,3.6667,1
633,4.3333,1.6667,3.3333,3.6667,2.3333,1.6667,2
634,2.3333,2.6667,3.6667,1.0,1.6667,3.3333,0
635,3.0,2.6667,4.0,3.6667,3.3333,2.0,2
636,2.0,2.0,3.6667,1.0,1.0,3.3333,0
637,3.3333,3.6667,2.0,1.3333,4.3333,2.6667,1
638,2.3333,3.0,1.6667,1.3333,2.0,2.0,1
639,3.0,2.0,2.6667,2.3333,1.6667,1.3333,0
640,3.6667,3.0,1.6667,2.3333,1.0,1.0,2
641,3.0,2.3333,3.3333,4.0,3.0,2.0,2
642,3.6667,2.6667,2.6667,2.6667,3.0,2.6667,2
643,3.3333,3.3333,2.0,2.3333,2.3333,3.6667,1
644,3.3333,3.6667,2.3333,1.3333,3.0,4.0,1
645,2.6667,2.6667,2.6667,3.3333,4.0,2.6667,2
646,3.0,3.3333,2.0,1.6667,2.6667,2.3333,1
647,4.3333,4.6667,1.0,1.6667,4.3333,4.3333,1
648,3.6667,3.3333,3.0,3.6667,3.6667,3.0,2
649,3.0,3.3333,3.3333,2.3333,2.3333,2.6667,2
650,3.0,2.6667,3.6667,2.3333,1.3333,1.6667,0
651,3.3333,2.6667,3.3333,1.3333,2.6667,1.6667,0
652,4.0,4.3333,2.0,3.0,2.0,3.0,1
653,4.3333,3.6667,1.6667,3.3333,2.0,3.0,1
654,3.6667,3.0,2.0,3.3333,3.6667,2.3333,2
655,4.0,5.0,1.0,2.6667,3.3333,4.6667,1
656,4.6667,4.6667,1.0,2.0,2.6667,3.6667,1
657,4.6667,4.6667,1.0,3.3333,3.0,4.3333,1
658,2.0,2.0,4.3333,1.3333,1.0,2.3333,0
659,4.0,4.6667,1.3333,3.0,3.3333,4.3333,1
660,2.6667,2.6667,2.6667,2.0,3.3333,1.3333,2
661,3.0,3.6667,1.6667,1.3333,1.6667,3.6667,1
662,1.6667,1.3333,3.6667,2.3333,4.3333,1.0,0
663,3.3333,2.3333,2.0,4.0,2.3333,3.0,2
664,2.0,2.6667,3.3333,1.6667,2.3333,2.6667,0
665,2.6667,4.0,1.0,1.6667,1.3333,2.3333,1
666,1.3333,2.0,3.6667,2.0,3.6667,1.3333,0
667,3.6667,3.0,2.3333,3.0,4.0,3.3333,1
668,4.6667,2.6667,3.6667,4.3333,2.0,1.0,2
669,4.0,3.6667,1.3333,4.0,1.6667,1.6667,2
670,3.3333,1.0,3.3333,4.6667,1.6667,1.6667,2
671,3.3333,4.3333,1.6667,1.0,1.3333,3.0,1
672,3.0,3.6667,2.0,1.3333,2.6667,2.0,1
673,3.3333,4.6667,1.6667,2.0,3.0,3.3333,1
674,4.0,2.6667,4.6667,4.3333,2.3333,2.3333,2
675,2.0,2.0,2.6667,1.3333,2.0,2.6667,0
676,3.3333,1.0,4.0,3.6667,3.6667,1.0,2
677,3.6667,3.6667,2.3333,1.3333,2.0,3.6667,1
678,3.6667,2.0,3.6667,3.3333,2.6667,2.0,2
679,2.0,2.6667,3.0,1.6667,2.6667,2.0,0
680,4.0,5.0,2.6667,3.0,2.0,3.3333,1
681,4.0,3.6667,1.6667,4.0,2.6667,2.3333,2
682,3.3333,3.6667,3.0,3.0,3.0,3.6667,1
683,4.3333,2.3333,2.6667,4.6667,2.6667,1.0,2
684,3.6667,2.6667,2.0,3.3333,1.6667,1.3333,2
685,2.6667,1.6667,4.0,3.3333,1.6667,1.6667,0
686,4.0,5.0,1.3333,1.3333,3.3333,3.6667,1
687,4.3333,2.0,2.6667,4.6667,3.6667,1.6667,2
688,4.3333,3.3333,1.0,4.3333,1.6667,1.0,2
689,3.3333,3.3333,1.6667,2.0,3.3333,2.0,1
690,3.0,2.6667,3.0,3.0,1.6667,1.3333,2
691,4.3333,3.6667,1.0,1.6667,3.3333,4.0,1
692,3.0,3.3333,1.3333,1.3333,2.6667,3.0,1
693,3.3333,1.0,3.6667,4.3333,2.3333,1.0,2
694,4.3333,3.6667,1.6667,4.0,3.0,2.3333,2
695,1.0,1.0,1.0,1.0,1.0,1.0,0
696,2.3333,3.3333,3.3333,1.0,1.6667,3.3333,0
697,3.6667,3.6667,1.3333,3.6667,1.3333,1.0,2
698,1.3333,2.6667,2.6667,1.6667,1.3333,3.0,0
699,1.0,1.0,1.0,1.0,1.0,1.0,0
700,1.3333,3.0,1.6667,1.0,4.0,2.0,1
701,3.0,2.6667,2.3333,2.6667,1.6667,2.0,2
702,3.0,3.0,1.3333,1.0,3.0,3.0,1
703,1.6667,3.0,3.0,1.6667,1.6667,2.6667,0
704,3.3333,2.3333,1.3333,3.3333,3.6667,4.0,1
705,1.0,1.0,1.0,1.0,1.0,1.0,0
706,3.0,3.3333,2.0,3.0,2.0,2.6667,1
707,4.3333,4.3333,1.0,1.6667,4.0,4.3333,1
708,3.3333,3.0,1.6667,2.3333,5.0,1.6667,2
709,3.0,2.6667,2.0,4.6667,3.0,2.3333,2
710,4.0,4.0,1.3333,1.6667,2.6667,3.0,1
711,3.3333,3.0,2.0,3.6667,1.6667,1.0,2
712,4.6667,4.3333,1.0,4.3333,1.6667,1.3333,2
713,2.6667,3.3333,2.0,1.3333,3.3333,3.3333,1
714,3.6667,3.6667,1.3333,2.6667,4.0,2.6667,1
715,3.3333,2.0,3.3333,2.3333,1.6667,1.3333,0
716,3.3333,2.0,4.6667,3.0,1.6667,2.3333,0
717,3.3333,3.0,1.6667,2.0,4.6667,3.0,1
718,2.6667,3.6667,1.6667,1.6667,3.6667,3.3333,1
719,4.6667,4.6667,1.0,3.0,4.0,3.6667,1
720,3.0,3.0,2.0,2.6667,3.3333,3.0,1
721,4.3333,4.0,1.3333,3.3333,2.3333,3.3333,1
722,2.3333,2.3333,2.6667,2.6667,2.6667,1.0,2
723,1.0,1.0,1.0,1.0,1.0,1.0,0
724,1.0,1.0,1.0,1.0,1.0,1.0,0
725,3.0,2.3333,2.6667,4.0,1.6667,1.0,2
726,4.3333,4.0,1.0,3.0,4.3333,1.3333,1
727,3.0,3.6667,2.6667,1.3333,1.0,3.3333,1
728,3.0,1.6667,3.6667,3.6667,1.3333,1.3333,2
729,1.6667,1.6667,4.3333,1.3333,2.6667,3.6667,0
730,2.6667,2.0,3.6667,3.6667,3.3333,1.6667,2
731,2.0,2.3333,3.6667,1.6667,2.3333,3.3333,0
732,4.0,4.0,2.0,1.6667,3.0,4.0,1
733,2.0,1.0,4.0,1.6667,2.0,1.6667,0
734,1.6667,1.6667,2.3333,1.6667,2.3333,2.0,0
735,1.6667,1.6667,3.3333,2.3333,2.0,2.3333,0
736,2.3333,2.0,3.6667,3.6667,1.6667,1.3333,2
737,3.3333,4.0,2.3333,1.0,2.6667,4.0,1
738,4.6667,4.0,2.0,4.0,3.6667,1.6667,2
739,2.3333,1.6667,1.6667,1.3333,3.3333,2.0,0
740,4.0,3.3333,2.0,4.3333,1.3333,1.3333,2
741,4.0,4.3333,3.6667,2.6667,2.3333,3.3333,1
742,3.3333,3.3333,2.0,4.0,1.3333,1.6667,2
743,3.6667,2.6667,2.0,3.6667,1.6667,1.3333,2
744,3.6667,2.3333,4.3333,3.0,3.0,1.0,2
745,2.3333,1.3333,2.3333,2.3333,2.6667,1.0,0
746,1.3333,1.3333,2.3333,1.3333,3.6667,1.0,0
747,4.0,3.6667,2.3333,3.6667,3.6667,1.3333,2
748,3.6667,3.0,3.3333,4.6667,2.6667,2.0,2
749,2.0,2.6667,3.0,1.6667,2.0,1.3333,0
750,3.3333,3.3333,1.6667,3.3333,4.3333,4.0,1
751,3.3333,3.3333,3.3333,4.3333,2.3333,1.3333,2
752,3.3333,3.6667,1.0,2.0,3.3333,2.6667,1
753,3.0,3.3333,2.6667,2.3333,2.6667,1.6667,2
754,3.0,2.6667,3.6667,1.3333,2.6667,3.6667,1
755,3.3333,3.3333,1.0,1.3333,4.0,2.0,1
756,3.0,3.0,3.0,2.3333,2.3333,1.3333,2
757,2.6667,3.0,1.6667,2.0,1.6667,2.3333,1
758,3.6667,3.0,1.3333,3.0,1.6667,2.3333,2
759,4.0,5.0,1.6667,2.6667,3.0,3.3333,1
760,4.0,3.0,1.6667,3.0,2.0,2.0,2
761,4.0,1.3333,3.6667,5.0,3.3333,1.3333,2
762,4.0,4.3333,1.0,2.6667,3.3333,4.3333,1
763,2.6667,2.3333,2.0,2.0,5.0,1.3333,2
764,4.0,3.6667,2.0,3.0,3.3333,2.3333,1
765,4.3333,3.6667,1.0,1.3333,3.0,3.6667,1
766,3.6667,4.0,3.0,1.3333,3.6667,2.6667,1
767,1.6667,3.6667,2.3333,1.6667,3.6667,4.3333,1
768,2.3333,2.3333,4.0,2.6667,2.6667,1.0,0
769,3.0,2.0,3.0,2.6667,1.3333,2.0,0
770,3.3333,2.0,3.6667,2.0,1.6667,1.0,0
771,4.0,3.6667,1.0,3.3333,2.0,3.0,1
772,3.0,3.3333,1.0,2.0,2.6667,2.3333,1
773,3.3333,3.3333,3.3333,1.3333,3.6667,2.0,1
774,2.6667,2.3333,4.0,3.6667,2.3333,1.3333,2
775,3.0,3.0,3.0,3.3333,3.3333,2.0,2
776,4.0,2.3333,2.6667,3.3333,2.3333,1.6667,2
777,2.6667,1.6667,4.3333,4.0,2.0,1.0,2
778,3.0,3.6667,1.0,1.0,2.3333,2.3333,1
779,2.6667,2.3333,4.0,3.0,2.3333,1.6667,2
780,2.6667,2.3333,4.0,4.0,2.0,1.3333,2
781,4.0,4.0,2.0,2.0,3.0,4.0,1
782,4.0,4.3333,3.0,2.0,2.6667,3.6667,1
783,2.3333,3.0,3.3333,2.3333,3.6667,3.0,2
784,4.0,5.0,1.3333,1.6667,2.6667,4.0,1
785,4.0,4.3333,1.6667,3.0,2.6667,3.0,1
786,4.0,4.3333,1.6667,3.0,1.3333,3.0,1
787,2.6667,2.6667,2.3333,1.0,1.6667,2.3333,0
788,4.0,3.6667,2.3333,4.0,2.6667,1.6667,2
789,1.6667,2.3333,3.3333,1.0,2.3333,3.6667,0
790,2.6667,4.3333,2.3333,1.0,1.3333,3.6667,1
791,4.0,4.0,1.0,2.3333,4.0,4.3333,1
792,3.0,1.3333,3.6667,2.3333,2.3333,1.6667,0
793,4.3333,3.0,2.0,4.0,2.6667,1.3333,2
794,4.0,4.6667,1.0,3.0,3.6667,4.3333,1
795,4.0,3.0,2.3333,4.6667,2.6667,2.6667,2
796,2.6667,2.0,3.3333,2.0,1.6667,2.6667,0
797,4.0,2.6667,3.6667,2.3333,2.3333,2.0,2
798,2.0,3.0,3.3333,1.6667,3.6667,4.6667,1
799,4.0,3.3333,2.6667,3.6667,2.3333,2.0,2
800,1.0,1.0,1.0,1.0,1.0,1.0,0
801,1.6667,2.0,3.3333,1.3333,2.3333,2.6667,0
802,3.3333,3.3333,2.0,2.6667,1.0,1.6667,2
803,4.6667,2.6667,2.3333,3.0,2.0,3.6667,1
804,3.0,2.6667,1.6667,2.3333,1.6667,2.3333,2
805,3.3333,3.6667,2.0,1.6667,2.3333,3.6667,1
806,4.3333,4.6667,1.0,2.0,4.0,4.6667,1
807,3.0,2.0,4.3333,3.6667,4.3333,1.6667,2
808,4.0,4.0,1.6667,1.6667,2.3333,4.3333,1
809,4.0,4.6667,1.3333,2.3333,4.0,5.0,1
810,3.3333,3.3333,2.0,3.3333,2.3333,3.0,1
811,3.6667,4.0,2.0,2.3333,2.6667,3.6667,1
812,2.6667,2.0,3.0,2.6667,2.0,2.3333,0
813,4.3333,5.0,2.3333,1.6667,2.6667,4.6667,1
814,3.6667,3.3333,2.3333,4.3333,3.3333,2.3333,2
815,1.6667,3.3333,3.6667,2.0,2.3333,2.6667,0
816,2.3333,1.6667,4.3333,3.0,2.0,2.3333,0
817,4.0,4.0,1.0,2.3333,3.6667,3.6667,1
818,1.6667,1.6667,4.0,2.0,1.0,2.0,0
819,3.6667,2.3333,2.6667,4.3333,2.3333,1.0,2
820,3.0,2.6667,1.6667,1.6667,2.3333,2.3333,1
821,1.3333,3.0,3.6667,1.6667,1.3333,2.3333,0
822,2.0,3.6667,1.6667,1.6667,2.3333,2.0,1
823,3.3333,3.3333,3.0,2.3333,2.0,2.3333,2
824,3.6667,4.3333,1.0,2.3333,3.0,4.0,1
825,2.6667,3.0,2.0,3.0,3.3333,1.3333,2
826,3.3333,3.3333,2.3333,3.3333,3.6667,1.0,2
827,2.3333,2.6667,2.3333,1.3333,3.3333,2.3333,0
828,2.3333,2.0,2.6667,1.0,1.3333,3.0,0
829,3.6667,4.6667,1.6667,2.6667,2.6667,3.6667,1
830,3.0,3.0,2.0,4.3333,3.0,2.0,2
831,2.6667,2.3333,3.0,3.0,2.3333,2.6667,2
832,4.6667,4.6667,1.3333,3.6667,4.0,3.3333,1
833,4.0,3.6667,1.3333,4.0,2.6667,2.3333,2
834,3.0,3.3333,1.0,1.0,4.3333,4.3333,1
835,3.6667,4.6667,1.0,1.0,3.3333,3.0,1
836,3.0,2.3333,2.0,4.0,2.3333,1.3333,2
837,3.6667,2.3333,2.0,2.6667,2.6667,1.3333,2
838,2.6667,3.3333,3.0,1.0,1.0,2.6667,0
839,3.6667,3.0,1.6667,3.0,3.3333,2.6667,1
840,4.0,4.0,1.6667,3.3333,2.3333,2.0,1
841,2.6667,2.6667,3.0,1.6667,3.0,1.6667,0
842,3.0,3.3333,3.0,2.6667,2.3333,2.6667,2
843,4.3333,4.6667,1.0,3.0,2.6667,2.3333,1
844,2.0,4.3333,3.6667,1.6667,3.0,3.3333,1
845,2.6667,4.0,2.3333,2.6667,2.3333,4.0,1
846,3.0,2.0,1.6667,1.6667,3.3333,2.0,2
847,2.6667,4.0,3.6667,1.0,2.0,4.6667,1
848,4.0,4.0,1.0,2.3333,2.3333,3.0,1
849,3.3333,2.0,4.0,4.0,2.3333,1.0,2
850,3.6667,3.6667,2.6667,2.3333,2.0,2.0,2
851,2.0,2.3333,3.6667,3.0,3.0,1.0,2
852,4.0,2.6667,4.0,4.0,1.6667,2.0,2
853,2.3333,3.3333,2.3333,1.6667,1.6667,3.0,1
854,2.6667,2.3333,1.6667,4.0,2.3333,1.0,2
855,1.6667,1.3333,4.6667,2.3333,1.3333,2.0,0
856,4.0,4.3333,1.3333,1.6667,3.6667,4.0,1
857,2.6667,1.6667,3.3333,2.0,2.0,1.0,0
858,3.6667,2.3333,3.6667,3.3333,3.0,1.3333,2
859,3.6667,4.0,1.3333,2.3333,4.3333,3.3333,1
860,1.6667,1.6667,3.0,2.0,1.6667,2.0,0
861,4.0,4.6667,1.3333,1.6667,2.6667,4.0,1
862,3.6667,4.6667,1.0,2.3333,3.3333,4.0,1
863,2.3333,2.6667,4.3333,1.6667,2.3333,2.3333,0
864,3.3333,2.0,3.0,3.6667,2.0,1.0,2
865,4.0,4.0,2.0,1.3333,3.3333,4.0,1
866,3.3333,2.0,3.3333,3.3333,1.3333,2.3333,2
867,2.6667,3.3333,4.0,1.6667,1.6667,3.0,0
868,2.0,2.0,4.6667,2.0,2.0,1.3333,0
869,3.3333,3.6667,1.3333,2.6667,2.3333,3.3333,1
870,2.6667,3.3333,2.6667,2.0,2.6667,2.3333,1
871,4.0,4.0,1.0,2.0,3.6667,3.3333,1
872,3.6667,1.6667,3.3333,3.6667,3.3333,1.3333,2
873,3.0,4.0,3.3333,1.0,2.0,3.3333,1
874,3.3333,4.0,1.0,1.3333,3.0,4.0,1
875,3.6667,4.3333,1.0,1.6667,4.0,2.3333,1
876,3.0,3.3333,3.6667,2.3333,2.0,4.6667,1
877,3.0,3.0,2.3333,4.3333,2.0,1.6667,2
878,2.0,1.0,4.6667,3.0,2.3333,2.3333,0
879,4.0,4.6667,1.0,2.6667,3.0,4.0,1
880,2.6667,3.3333,1.3333,1.3333,2.3333,3.3333,1
881,4.0,4.0,1.0,2.3333,1.6667,3.6667,1
882,3.0,1.6667,4.3333,2.3333,2.0,2.0,0
883,3.3333,2.3333,1.6667,3.3333,2.0,1.3333,2
884,3.3333,4.3333,1.0,1.6667,3.6667,4.6667,1
885,3.6667,3.3333,2.0,4.3333,2.0,1.3333,2
886,3.0,3.3333,2.3333,1.0,2.3333,4.0,1
887,4.3333,2.3333,3.3333,4.6667,3.3333,1.3333,2
888,3.0,3.0,3.0,3.0,4.0,2.3333,2
889,3.3333,4.0,1.0,2.3333,3.0,4.0,1
890,4.0,4.6667,1.0,2.0,2.6667,4.3333,1
891,3.3333,3.0,3.3333,2.0,1.6667,1.3333,2
892,2.6667,2.6667,2.0,1.3333,3.6667,3.6667,1
893,3.3333,4.6667,1.0,2.0,2.0,4.0,1
894,3.0,3.3333,1.3333,3.0,1.3333,2.6667,1
895,1.0,1.3333,4.6667,1.0,1.0,2.6667,0
896,4.3333,3.0,2.3333,3.3333,2.0,1.6667,2
897,3.0,3.0,1.0,3.6667,2.3333,2.3333,2
898,2.0,2.0,4.3333,1.6667,2.3333,2.0,0
899,4.6667,4.3333,1.0,2.0,3.3333,4.0,1
900,2.6667,3.0,3.6667,1.0,2.0,4.0,1
901,2.6667,2.6667,2.6667,3.6667,1.6667,2.0,2
902,3.6667,4.0,2.6667,1.3333,2.3333,3.6667,1
903,3.3333,4.6667,2.6667,3.0,3.3333,4.0,1
904,3.0,2.3333,2.0,2.3333,2.3333,3.0,1
905,4.3333,2.3333,3.0,4.0,3.3333,2.6667,2
906,3.6667,3.0,2.6667,3.0,4.0,2.6667,2
907,3.3333,2.6667,1.6667,3.3333,3.3333,2.3333,2
908,4.0,4.3333,2.6667,2.6667,1.3333,2.3333,1
909,1.6667,1.6667,3.6667,2.3333,2.6667,1.6667,0
910,4.3333,4.0,1.0,1.3333,2.6667,3.6667,1
911,4.3333,4.0,1.3333,2.6667,5.0,3.3333,1
912,1.3333,2.3333,3.0,1.0,1.3333,1.3333,0
913,3.3333,2.3333,2.6667,4.0,1.6667,1.6667,2
914,4.6667,4.3333,1.3333,3.0,3.0,4.6667,1
915,3.0,2.6667,2.0,1.6667,3.0,1.3333,2
916,2.0,1.3333,4.3333,3.3333,1.0,1.6667,0
917,4.0,3.6667,3.0,2.3333,3.0,3.3333,1
918,2.3333,2.0,4.0,4.0,3.3333,2.0,2
919,4.0,4.0,1.3333,3.0,3.0,4.0,1
920,5.0,5.0,1.0,2.0,1.6667,2.0,1
921,3.6667,3.3333,1.3333,2.6667,3.6667,3.0,1
922,3.0,3.0,3.6667,2.0,2.6667,1.6667,2
923,4.6667,4.0,1.6667,4.0,4.0,3.0,1
924,1.6667,2.0,3.0,1.3333,2.3333,2.3333,0
925,4.3333,3.6667,1.6667,3.6667,2.0,1.6667,2
926,3.0,2.3333,4.0,2.6667,3.0,1.0,2
927,3.3333,4.0,1.3333,1.6667,3.0,3.6667,1
928,3.6667,1.0,4.3333,5.0,3.6667,1.0,2
929,3.6667,3.3333,1.0,2.6667,2.0,3.0,1
930,3.3333,3.0,1.3333,3.6667,2.3333,1.0,2
931,1.6667,3.3333,3.6667,1.3333,2.3333,1.3333,0
932,4.0,5.0,1.0,2.6667,4.6667,4.6667,1
933,4.0,3.6667,1.6667,2.3333,3.3333,4.6667,1
934,2.6667,3.0,2.3333,2.3333,2.3333,3.6667,1
935,4.3333,4.0,2.0,2.0,4.3333,2.0,1
936,4.3333,4.0,1.3333,3.3333,2.0,3.3333,1
937,4.3333,3.3333,2.0,2.6667,3.3333,2.3333,1
938,3.0,3.6667,2.6667,1.0,2.6667,2.6667,1
939,2.6667,1.3333,4.3333,3.6667,3.6667,1.3333,2
940,3.6667,2.3333,1.6667,3.3333,2.3333,1.0,2
941,3.3333,3.3333,1.6667,3.0,3.3333,2.0,2
942,3.6667,4.3333,1.3333,2.6667,2.0,2.3333,1
943,3.3333,4.0,1.6667,2.0,3.6667,3.6667,1
944,2.6667,2.3333,3.3333,3.6667,3.3333,1.0,2
945,2.6667,1.3333,2.6667,4.6667,3.6667,2.6667,2
946,4.6667,4.0,1.0,3.3333,3.3333,3.0,1
947,2.3333,3.0,3.6667,1.6667,2.6667,3.0,0
948,3.6667,2.0,3.0,4.6667,2.6667,1.6667,2
949,4.3333,3.0,2.6667,3.6667,4.3333,3.6667,1
950,3.0,3.0,3.0,1.6667,2.6667,3.6667,1
951,3.6667,4.0,2.3333,2.3333,3.3333,2.6667,1
952,2.3333,2.3333,3.3333,2.3333,1.6667,2.6667,0
953,3.3333,3.6667,2.0,2.3333,1.3333,2.0,1
954,4.0,4.3333,1.6667,4.3333,3.0,3.0,1
955,3.6667,2.0,2.6667,4.3333,4.0,1.3333,2
956,4.0,4.3333,1.3333,1.6667,3.6667,4.3333,1
957,1.0,1.0,1.0,1.0,1.0,1.0,0
958,4.3333,2.3333,3.3333,4.0,1.3333,2.0,2
959,3.3333,3.6667,2.6667,1.6667,1.0,2.3333,1
960,2.6667,2.3333,3.0,1.6667,1.0,1.6667,0
961,3.0,2.3333,3.0,4.3333,1.3333,1.6667,2
962,3.6667,4.6667,1.0,1.6667,1.6667,4.0,1
963,3.3333,4.0,1.3333,2.6667,4.0,3.3333,1
964,3.0,3.0,3.3333,1.6667,1.0,2.3333,0
965,2.6667,2.3333,3.6667,2.6667,1.6667,2.6667,0
966,3.3333,4.3333,1.3333,2.0,3.0,4.0,1
967,3.6667,3.3333,1.3333,3.0,3.0,3.3333,1
968,4.0,4.0,1.6667,3.0,3.0,4.0,1
969,5.0,5.0,1.0,3.0,4.6667,4.6667,1
970,4.3333,4.6667,1.0,2.3333,4.0,4.3333,1
971,3.6667,2.0,3.6667,4.0,2.3333,2.3333,2
972,4.3333,4.3333,2.0,2.6667,2.6667,3.6667,1
973,3.0,2.3333,3.3333,3.3333,4.3333,1.3333,2
974,1.3333,2.0,4.0,1.0,2.6667,2.0,0
975,3.0,2.6667,3.6667,2.6667,1.6667,1.6667,2
976,2.3333,2.0,3.0,4.0,1.6667,1.0,2
977,3.6667,4.0,2.3333,2.0,2.0,4.0,1
978,2.0,3.6667,2.3333,2.6667,3.0,4.0,1
979,2.6667,4.0,1.3333,1.3333,3.6667,3.6667,1
980,4.6667,3.6667,1.6667,4.3333,3.6667,2.6667,2
981,3.3333,3.6667,1.6667,4.0,4.6667,4.0,1
982,4.0,2.3333,2.6667,3.6667,2.0,1.6667,2
983,3.6667,4.0,1.0,1.6667,2.0,3.6667,1
984,4.0,4.0,2.3333,4.6667,3.6667,3.0,2
985,3.6667,2.6667,2.6667,2.6667,3.3333,2.3333,2
986,1.6667,3.3333,3.0,2.0,2.3333,2.3333,0
987,4.3333,3.0,2.0,3.3333,3.0,2.3333,2
988,3.0,2.6667,2.6667,1.6667,3.6667,1.3333,2
989,3.6667,2.6667,2.0,2.0,1.3333,1.3333,2
990,3.3333,4.3333,1.0,1.6667,2.3333,3.6667,1
991,3.6667,3.6667,1.0,2.6667,3.0,3.0,1
992,3.6667,3.6667,2.3333,3.0,2.6667,2.3333,2
993,3.3333,4.0,1.3333,1.0,2.0,3.6667,1
994,2.3333,2.3333,1.6667,2.3333,4.3333,1.3333,2
995,4.3333,4.6667,1.0,2.6667,3.0,3.6667,1
996,3.3333,2.3333,2.6667,3.0,2.3333,1.6667,2
997,3.3333,2.3333,4.0,4.3333,2.3333,3.0,2
998,4.0,2.3333,3.3333,4.0,1.6667,1.3333,2
999,4.6667,3.3333,3.0,3.6667,3.0,1.3333,2
1000,3.5,3.5,1.0,2.25,3.25,3.75,1
1001,2.5,1.5,3.75,3.0,1.75,1.0,0
1002,2.25,1.75,3.0,1.75,2.0,2.25,0
1003,1.5,1.25,4.75,3.0,1.75,1.5,0
1004,1.75,1.25,3.5,2.5,1.75,1.0,0
1005,3.5,3.75,2.25,3.0,2.25,4.25,1
1006,1.25,1.25,4.75,3.25,3.5,1.0,0
1007,1.5,2.75,2.75,1.0,3.5,4.0,1
1008,4.0,4.0,1.0,2.25,3.75,4.5,1
1009,1.75,2.5,3.75,1.0,2.25,4.5,0
1010,1.6667,1.0,4.0,3.0,4.0,1.6667,0
1011,2.3333,2.3333,3.6667,2.3333,2.3333,4.0,0
1012,1.3333,2.6667,4.0,2.6667,3.0,2.3333,0
1013,2.0,2.6667,3.0,2.0,2.3333,3.3333,0
1014,4.0,4.0,1.0,3.0,4.3333,4.0,1
1015,2.3333,1.6667,3.0,2.0,1.6667,3.3333,0
1016,3.6667,4.0,1.0,1.3333,1.3333,3.3333,1
1017,2.3333,2.6667,3.0,1.0,1.3333,4.0,0
1018,1.6667,1.3333,4.0,2.6667,2.0,1.6667,0
1019,2.0,2.6667,2.6667,2.0,1.6667,1.3333,0
1020,3.0,3.6667,2.0,2.0,4.0,3.6667,1
1021,2.0,1.3333,5.0,4.3333,2.3333,1.0,2
1022,2.3333,1.6667,4.0,2.6667,2.0,3.3333,0
1023,3.3333,3.3333,2.3333,3.3333,3.6667,3.6667,1
1024,2.0,1.3333,3.6667,2.0,3.3333,1.0,0
1025,1.3333,1.3333,4.6667,4.3333,2.0,1.3333,0
1026,1.6667,2.0,4.0,2.0,2.6667,2.6667,0
1027,3.6667,3.6667,1.3333,2.3333,3.6667,3.6667,1
1028,1.3333,1.6667,4.6667,2.6667,1.3333,2.6667,0
1029,3.0,2.3333,2.3333,4.6667,3.0,1.0,2
1030,3.3333,3.6667,2.3333,1.6667,2.0,4.3333,1
1031,2.6667,2.6667,1.0,2.6667,4.6667,2.0,2
1032,1.6667,1.6667,4.3333,1.6667,1.0,2.3333,0
1033,2.0,1.3333,2.0,1.0,4.3333,2.6667,0
1034,1.3333,2.0,3.0,1.6667,1.3333,2.3333,0
1035,2.3333,2.0,3.3333,1.3333,2.3333,3.6667,0
1036,3.3333,2.6667,3.3333,4.3333,3.0,2.6667,2
1037,3.3333,3.3333,1.6667,4.0,4.3333,3.0,1
1038,3.3333,3.6667,1.0,2.0,2.3333,4.3333,1
1039,2.0,1.3333,3.3333,3.0,2.6667,1.3333,0
1040,2.3333,2.0,2.6667,1.6667,2.3333,4.0,0
1041,1.0,1.0,3.0,2.0,2.6667,2.0,0
1042,2.0,1.6667,1.6667,1.0,2.3333,1.0,0
1043,1.3333,1.3333,3.6667,1.3333,2.0,2.0,0
1044,3.3333,3.6667,1.0,4.0,2.6667,4.3333,1
1045,2.6667,3.3333,1.0,2.0,4.3333,1.6667,1
1046,4.0,4.0,1.0,2.6667,4.0,5.0,1
1047,2.3333,2.3333,4.0,2.3333,3.6667,4.0,0
1048,4.0,4.0,1.0,3.3333,4.0,1.6667,1
1049,1.6667,1.3333,4.0,2.3333,1.6667,2.6667,0
1050,1.0,2.0,3.6667,2.6667,1.0,3.3333,0
1051,1.3333,1.3333,4.0,1.3333,3.0,2.3333,0
1052,2.0,1.3333,2.3333,4.3333,2.3333,1.6667,2
1053,3.3333,2.6667,1.6667,3.0,4.3333,2.6667,1
1054,1.0,1.0,5.0,2.0,2.0,1.3333,0
1055,1.6667,1.6667,3.0,2.0,3.0,2.3333,0
1056,3.0,4.0,1.3333,1.0,1.3333,4.6667,1
1057,2.0,1.6667,4.6667,2.6667,2.0,1.0,0
1058,2.3333,3.3333,1.3333,1.0,3.3333,4.6667,1
1059,2.0,1.6667,3.0,2.0,2.3333,1.0,0
1060,4.6667,5.0,1.0,2.0,1.3333,3.6667,1
1061,3.6667,3.6667,2.0,3.3333,1.0,2.6667,1
1062,1.3333,1.3333,1.0,2.3333,3.0,3.0,0
1063,1.3333,1.6667,4.3333,1.6667,2.0,3.0,0
1064,3.6667,4.0,1.0,2.3333,3.0,4.0,1
1065,2.6667,2.3333,3.6667,3.0,1.3333,1.6667,0
1066,1.3333,1.6667,4.0,2.3333,2.0,3.0,0
1067,2.3333,1.6667,4.0,2.3333,2.0,2.0,0
1068,2.0,1.0,4.3333,1.6667,2.3333,2.6667,0
1069,1.0,1.3333,4.6667,2.0,1.6667,1.0,0
1070,1.0,1.0,1.0,1.0,1.0,1.0,0
1071,3.0,3.0,3.6667,2.6667,1.3333,3.3333,0
1072,3.0,3.3333,1.0,1.0,2.6667,4.3333,1
1073,3.3333,3.6667,1.0,2.3333,4.0,4.0,1
1074,1.6667,1.0,3.0,3.3333,3.6667,1.0,2
1075,3.0,4.3333,1.0,1.6667,3.3333,4.6667,1
1076,2.3333,3.6667,1.0,1.6667,4.6667,4.0,1
1077,2.3333,2.0,2.3333,3.0,4.3333,1.0,2
1078,1.0,2.3333,3.0,1.0,1.3333,1.3333,0
1079,1.0,1.3333,4.0,2.0,3.0,1.6667,0
1080,1.6667,2.0,3.3333,1.3333,3.3333,4.0,0
1081,3.0,3.3333,1.6667,1.6667,4.6667,3.6667,1
1082,2.0,1.6667,3.3333,2.3333,2.0,3.0,0
1083,3.0,3.3333,4.0,1.6667,2.0,3.6667,1
1084,1.3333,2.6667,2.3333,1.6667,2.6667,4.0,1
1085,2.6667,2.3333,4.0,2.6667,3.6667,3.6667,2
1086,4.3333,4.3333,2.0,2.3333,4.0,4.0,1
1087,1.3333,1.0,4.3333,3.3333,4.3333,2.0,0
1088,2.3333,1.0,4.3333,4.0,2.0,1.3333,0
1089,1.6667,1.0,3.0,3.6667,3.3333,1.0,2
1090,2.0,2.6667,1.3333,1.6667,1.3333,2.0,0
1091,1.3333,1.0,4.6667,4.0,1.6667,1.3333,0
1092,1.0,1.0,3.6667,1.6667,1.3333,1.0,0
1093,3.6667,3.3333,1.0,3.0,4.0,3.6667,1
1094,1.0,1.0,3.6667,3.0,2.3333,1.0,0
1095,2.3333,2.3333,4.0,2.3333,2.0,2.0,0
1096,2.6667,2.6667,3.0,4.3333,4.3333,1.6667,2
1097,3.0,1.3333,4.0,3.3333,3.0,2.3333,2
1098,1.0,1.0,1.0,1.0,1.0,1.0,0
1099,3.3333,4.0,1.3333,2.0,4.6667,4.0,1
1100,1.6667,1.0,4.6667,4.0,2.3333,1.3333,0
1101,4.0,4.6667,1.0,1.0,2.3333,4.6667,1
1102,2.6667,2.3333,2.0,3.3333,4.6667,1.6667,2
1103,2.3333,2.6667,2.0,1.0,1.0,3.6667,1
1104,3.0,3.0,1.0,2.6667,4.6667,3.3333,1
1105,1.3333,1.0,3.0,2.6667,1.6667,1.6667,0
1106,2.3333,1.0,4.6667,2.6667,1.6667,1.3333,0
1107,1.6667,1.3333,3.3333,3.6667,2.0,1.0,0
1108,3.0,2.0,3.0,1.6667,3.0,3.3333,0
1109,3.0,2.6667,1.0,1.6667,4.3333,3.0,1
1110,3.0,2.6667,2.3333,2.3333,2.0,3.3333,1
1111,2.6667,2.3333,3.6667,3.3333,2.3333,3.0,2
1112,3.3333,2.0,2.3333,2.3333,4.0,2.3333,2
1113,2.6667,3.6667,1.6667,1.0,1.6667,4.3333,1
1114,2.6667,2.6667,2.6667,3.3333,2.6667,1.0,2
1115,2.6667,2.3333,2.0,2.0,3.6667,4.3333,1
1116,1.3333,1.0,1.6667,2.0,4.3333,1.0,0
1117,1.6667,1.3333,4.0,3.3333,3.3333,2.6667,0
1118,3.3333,3.6667,1.0,1.3333,3.6667,4.6667,1
1119,3.3333,4.6667,2.0,2.3333,3.3333,4.0,1
1120,1.0,1.3333,4.3333,1.6667,1.0,3.3333,0
1121,2.6667,2.6667,2.0,1.3333,2.6667,2.0,0
1122,1.6667,1.3333,3.3333,2.6667,1.0,3.0,0
1123,1.6667,1.0,4.6667,1.6667,2.0,2.3333,0
1124,1.6667,1.6667,4.6667,1.6667,2.3333,3.0,0
1125,3.0,1.3333,2.3333,2.0,4.6667,2.3333,2
1126,2.6667,1.3333,4.6667,3.0,2.0,1.0,0
1127,4.0,4.6667,1.6667,2.6667,3.3333,4.3333,1
1128,4.0,2.3333,1.0,3.3333,4.0,2.6667,1
1129,3.6667,4.3333,1.3333,1.3333,4.0,4.3333,1
1130,1.6667,2.6667,1.6667,3.0,3.3333,3.6667,1
1131,3.0,1.6667,1.6667,3.0,3.0,2.6667,2
1132,1.3333,1.0,5.0,2.6667,1.6667,1.3333,0
1133,1.3333,1.0,2.3333,1.0,2.3333,2.0,0
1134,2.0,1.3333,4.3333,2.6667,3.6667,1.0,0
1135,3.0,4.6667,1.0,1.6667,3.3333,4.3333,1
1136,1.6667,1.6667,4.3333,1.3333,3.0,1.3333,0
1137,1.6667,1.3333,3.6667,3.6667,1.6667,2.0,0
1138,1.0,1.0,4.6667,1.6667,1.3333,2.6667,0
1139,3.6667,3.6667,1.3333,2.6667,5.0,3.0,1
1140,1.0,1.0,1.0,1.0,1.0,1.0,0
1141,2.0,3.0,4.0,2.0,1.0,1.3333,0
1142,3.0,3.3333,1.3333,1.6667,3.0,3.3333,1
1143,4.3333,4.0,2.0,1.3333,3.6667,4.6667,1
1144,2.3333,3.3333,1.6667,2.0,1.6667,4.6667,1
1145,2.0,2.0,2.3333,1.3333,3.0,1.3333,0
1146,4.3333,4.3333,1.6667,1.6667,3.0,3.3333,1
1147,3.0,2.6667,1.6667,2.6667,4.6667,3.6667,1
1148,2.3333,3.3333,1.0,1.3333,5.0,4.6667,1
1149,2.0,1.0,4.0,2.6667,1.3333,2.6667,0
1150,2.6667,2.6667,3.6667,1.3333,2.0,4.6667,1
1151,2.6667,3.3333,2.6667,2.6667,4.3333,3.0,1
1152,2.6667,1.0,3.6667,4.0,1.3333,1.3333,2
1153,2.0,2.0,3.0,2.0,1.3333,1.0,0
1154,1.6667,1.6667,3.3333,1.0,1.6667,2.0,0
1155,2.0,1.6667,4.0,1.0,1.3333,1.3333,0
1156,2.0,3.0,1.6667,1.0,1.3333,3.3333,1
1157,1.6667,1.3333,2.6667,1.3333,2.3333,2.3333,0
1158,3.0,1.6667,4.0,3.3333,2.0,2.6667,2
1159,1.3333,1.6667,3.3333,2.0,1.3333,1.0,0
1160,3.6667,4.3333,1.6667,2.3333,3.0,3.0,1
1161,2.3333,3.0,3.0,3.0,2.6667,2.0,2
1162,3.0,2.6667,2.6667,3.3333,2.0,1.6667,2
1163,1.6667,1.6667,3.6667,3.0,2.0,2.6667,0
1164,2.6667,3.0,3.3333,1.0,3.0,3.0,1
1165,3.3333,4.6667,1.0,3.0,4.6667,5.0,1
1166,2.0,2.3333,4.0,2.0,2.3333,2.0,0
1167,3.6667,4.3333,1.0,2.6667,3.6667,4.0,1
1168,2.0,1.3333,3.3333,2.3333,3.0,1.0,0
1169,2.0,3.3333,1.6667,2.0,2.0,2.3333,1
1170,1.3333,2.0,4.6667,1.6667,1.0,2.0,0
1171,3.0,3.0,1.3333,2.0,4.6667,1.3333,2
1172,1.6667,1.0,5.0,3.6667,3.0,1.6667,0
1173,1.3333,1.0,2.6667,1.6667,4.0,2.6667,0
1174,4.0,4.3333,1.3333,3.3333,4.0,4.3333,1
1175,2.0,1.6667,4.0,3.0,2.0,1.6667,0
1176,3.6667,4.0,2.0,2.6667,3.3333,4.0,1
1177,2.0,2.6667,1.3333,2.3333,2.0,3.6667,1
1178,1.6667,1.3333,2.3333,3.3333,2.3333,2.0,0
1179,1.6667,1.0,4.0,2.3333,1.6667,1.6667,0
1180,1.0,1.0,3.3333,2.3333,1.3333,1.3333,0
1181,1.6667,1.3333,3.6667,2.3333,1.6667,2.6667,0
1182,2.6667,3.0,2.6667,2.0,4.6667,3.6667,1
1183,3.6667,3.3333,1.6667,1.3333,2.0,4.0,1
1184,2.3333,2.6667,3.0,1.3333,2.3333,3.6667,1
1185,3.3333,1.3333,2.0,4.6667,1.3333,1.0,2
1186,1.6667,1.6667,2.0,2.6667,2.0,1.0,0
1187,3.6667,4.0,2.0,2.3333,4.3333,3.3333,1
1188,2.0,1.0,4.6667,2.6667,3.3333,1.0,0
1189,3.0,3.3333,1.0,2.0,3.6667,4.0,1
1190,2.6667,3.0,2.0,3.3333,3.0,1.3333,2
1191,2.0,2.6667,1.0,1.6667,4.6667,2.0,1
1192,2.3333,3.0,1.3333,1.0,3.6667,3.6667,1
1193,3.0,2.6667,1.3333,1.6667,3.3333,4.3333,1
1194,2.3333,2.6667,3.6667,1.6667,2.3333,3.3333,0
1195,1.6667,2.3333,2.6667,2.0,2.0,2.3333,0
1196,1.0,1.3333,4.3333,3.0,2.6667,1.3333,0
1197,2.0,2.3333,2.3333,1.6667,1.0,1.3333,0
1198,1.0,1.0,5.0,2.0,2.6667,2.6667,0
1199,2.6667,4.0,1.3333,2.0,5.0,3.6667,1
1200,2.6667,3.6667,2.0,1.6667,1.3333,4.0,1
1201,2.3333,1.6667,1.6667,4.3333,2.3333,1.0,2
1202,1.6667,2.0,3.0,2.0,1.6667,2.3333,0
1203,3.6667,1.6667,2.0,4.0,4.6667,1.3333,2
1204,2.6667,1.6667,2.6667,4.3333,4.0,1.0,2
1205,1.6667,1.3333,4.3333,3.0,1.0,1.0,0
1206,2.0,2.0,3.6667,1.6667,1.6667,1.6667,0
1207,3.0,4.0,1.6667,3.0,2.6667,3.6667,1
1208,3.6667,4.0,2.3333,2.3333,4.6667,4.0,1
1209,1.0,1.0,3.0,3.0,4.6667,1.0,0
1210,1.0,1.0,4.0,1.6667,2.3333,2.6667,0
1211,1.6667,2.3333,3.0,1.3333,1.6667,3.3333,0
1212,2.3333,2.0,3.6667,4.3333,2.0,2.0,2
1213,3.0,2.3333,3.3333,1.0,1.3333,2.3333,0
1214,1.0,1.0,3.3333,5.0,3.6667,1.0,2
1215,2.0,1.3333,3.3333,2.6667,2.0,1.0,0
1216,1.0,1.0,4.6667,2.0,2.0,2.6667,0
1217,2.0,2.6667,2.3333,1.6667,3.0,2.3333,0
1218,1.6667,1.0,3.6667,3.6667,4.0,1.0,2
1219,1.6667,1.6667,3.6667,1.6667,1.3333,3.3333,0
1220,1.6667,1.6667,4.6667,3.6667,3.6667,2.0,2
1221,4.0,4.0,1.0,2.3333,3.3333,4.6667,1
1222,1.0,1.0,1.0,1.0,1.0,1.0,0
1223,1.3333,1.0,2.6667,2.3333,3.6667,1.3333,0
1224,2.0,1.6667,2.6667,2.3333,2.3333,1.6667,0
1225,2.6667,1.3333,3.6667,2.3333,3.6667,1.0,2
1226,2.3333,2.6667,3.6667,1.0,2.3333,4.6667,1
1227,2.3333,3.6667,1.6667,1.6667,2.3333,3.6667,1
1228,2.6667,4.3333,1.3333,1.3333,1.0,4.3333,1
1229,3.0,2.3333,2.0,2.0,1.6667,3.0,1
1230,1.6667,2.6667,2.0,1.0,1.0,2.3333,0
1231,1.0,1.6667,3.3333,1.3333,1.3333,1.3333,0
1232,1.0,1.0,2.3333,1.3333,3.3333,1.0,0
1233,4.0,3.6667,2.0,2.0,2.3333,3.0,1
1234,2.0,1.3333,4.3333,3.0,2.3333,1.6667,0
1235,1.6667,1.3333,4.6667,3.6667,2.6667,1.6667,0
1236,1.3333,1.0,3.0,3.0,3.3333,1.3333,0
1237,1.0,1.0,4.3333,3.0,1.6667,1.0,0
1238,1.0,1.0,4.3333,3.3333,3.6667,1.0,0
1239,1.6667,1.6667,2.6667,3.6667,3.6667,1.3333,2
1240,2.0,1.0,3.6667,4.0,3.0,1.0,2
1241,2.0,1.0,4.0,3.3333,2.0,1.6667,0
1242,3.3333,3.6667,1.6667,2.0,2.3333,2.6667,1
1243,4.3333,4.0,1.0,4.3333,2.0,1.3333,2
1244,2.3333,2.6667,3.3333,1.0,1.0,3.3333,0
1245,2.6667,2.6667,3.0,2.6667,4.3333,2.0,2
1246,1.6667,1.6667,4.0,2.0,2.0,2.0,0
1247,1.3333,3.0,3.3333,1.0,1.0,3.3333,0
1248,2.0,2.3333,2.6667,2.3333,3.6667,1.3333,2
1249,1.6667,1.3333,4.6667,2.6667,1.6667,2.0,0
1250,1.6667,1.6667,3.0,1.3333,2.0,2.3333,0
1251,2.3333,2.3333,3.0,1.6667,4.6667,1.6667,2
1252,2.6667,3.3333,1.6667,1.6667,2.3333,3.6667,1
1253,2.3333,1.6667,2.6667,3.3333,4.3333,3.6667,2
1254,3.0,4.0,1.3333,2.0,2.0,4.6667,1
1255,3.0,3.0,1.0,1.0,4.0,4.3333,1
1256,2.6667,1.0,3.6667,3.0,2.3333,1.6667,0
1257,3.0,2.6667,4.0,4.0,3.3333,3.0,2
1258,2.6667,2.6667,1.0,5.0,4.6667,1.0,2
1259,4.0,4.0,1.0,3.0,2.6667,4.3333,1
1260,3.0,3.0,2.6667,2.0,2.3333,4.0,1
1261,2.0,2.6667,2.6667,2.3333,2.3333,2.0,0
1262,3.0,2.6667,3.0,2.6667,2.3333,2.3333,2
1263,3.0,3.0,2.6667,2.6667,3.0,4.0,1
1264,3.0,2.3333,3.0,2.3333,2.3333,1.3333,2
1265,1.0,1.3333,3.3333,1.0,2.6667,2.6667,0
1266,1.0,1.3333,4.3333,2.0,1.6667,2.0,0
1267,2.6667,3.6667,1.0,1.6667,2.3333,2.3333,1
1268,1.6667,1.0,4.3333,2.6667,1.6667,1.6667,0
1269,2.3333,2.3333,3.6667,2.6667,1.0,3.0,0
1270,2.3333,2.3333,2.6667,2.3333,4.3333,3.3333,1
1271,1.0,1.0,5.0,2.3333,2.0,1.0,0
1272,3.3333,4.0,1.0,1.3333,3.0,4.6667,1
1273,1.3333,1.0,1.6667,5.0,4.6667,1.6667,2
1274,2.0,3.0,2.3333,1.0,1.3333,3.6667,1
1275,2.0,2.3333,1.3333,1.0,3.3333,4.3333,1
1276,1.3333,1.3333,4.0,1.6667,2.0,1.3333,0
1277,2.6667,2.3333,4.6667,1.0,1.3333,3.6667,0
1278,1.0,2.6667,3.6667,1.3333,1.0,3.6667,0
1279,1.0,1.0,4.3333,2.3333,1.6667,1.6667,0
1280,1.0,1.0,5.0,3.6667,1.3333,1.0,0
1281,3.0,4.3333,1.6667,1.0,3.3333,4.6667,1
1282,3.6667,4.0,1.6667,2.0,3.6667,5.0,1
1283,2.3333,2.3333,1.0,1.6667,3.0,3.0,1
1284,1.0,1.0,3.0,2.3333,2.6667,1.0,0
1285,2.6667,2.6667,3.0,4.0,3.6667,3.3333,2
1286,2.3333,2.3333,3.0,2.0,1.0,3.3333,0
1287,1.6667,2.3333,3.3333,1.0,3.0,3.6667,0
1288,1.3333,2.0,3.6667,1.3333,1.3333,2.0,0
1289,3.0,4.0,1.0,1.6667,3.6667,4.0,1
1290,2.0,1.6667,3.3333,3.3333,2.0,2.0,0
1291,2.3333,3.0,3.3333,1.3333,1.3333,3.0,0
1292,3.6667,4.0,1.6667,3.0,4.6667,3.3333,1
1293,3.3333,4.3333,1.0,3.0,2.3333,3.3333,1
1294,2.3333,1.0,3.6667,4.6667,2.6667,2.0,2
1295,1.3333,1.3333,4.6667,2.6667,1.0,3.3333,0
1296,2.3333,1.3333,4.6667,1.3333,2.3333,1.3333,0
1297,3.0,1.3333,4.0,2.6667,4.0,1.6667,2
1298,2.3333,3.3333,2.6667,3.3333,4.6667,3.3333,1
1299,2.6667,2.3333,3.3333,2.3333,3.6667,3.0,2
1300,2.0,1.3333,3.3333,2.0,2.6667,1.6667,0
1301,3.0,1.3333,4.3333,4.0,2.3333,2.3333,2
1302,2.3333,1.6667,4.6667,2.6667,1.6667,2.0,0
1303,1.3333,1.0,3.6667,2.3333,4.0,1.3333,0
1304,2.6667,2.6667,2.6667,2.3333,4.0,3.3333,1
1305,2.6667,1.0,3.3333,2.0,1.6667,2.6667,0
1306,2.0,1.6667,2.6667,2.0,1.6667,2.0,0
1307,3.6667,1.6667,3.6667,3.3333,2.0,3.3333,2
1308,2.0,2.0,3.0,1.3333,2.0,2.6667,0
1309,2.3333,2.0,2.0,3.0,2.0,2.0,2
1310,3.3333,2.6667,1.6667,2.6667,2.3333,1.6667,2
1311,1.6667,1.3333,4.6667,2.0,1.3333,2.3333,0
1312,4.0,4.3333,1.3333,2.0,3.3333,3.3333,1
1313,1.6667,1.6667,3.3333,1.0,2.0,3.0,0
1314,2.6667,3.6667,1.6667,1.6667,3.0,4.3333,1
1315,2.3333,1.3333,3.0,3.6667,3.0,1.3333,2
1316,1.0,2.0,4.0,1.6667,2.0,2.6667,0
1317,2.3333,4.0,1.0,2.0,3.0,4.6667,1
1318,2.6667,3.0,2.0,1.0,1.6667,3.3333,1
1319,1.6667,1.6667,1.0,1.0,3.6667,3.3333,1
1320,1.3333,1.0,4.6667,3.0,2.6667,2.3333,0
1321,3.3333,3.6667,1.0,2.0,5.0,3.0,1
1322,1.6667,2.3333,3.3333,1.0,2.3333,2.0,0
1323,1.6667,1.3333,5.0,2.3333,1.0,2.6667,0
1324,1.3333,2.0,4.6667,1.6667,2.0,3.0,0
1325,3.0,2.6667,1.3333,2.0,1.6667,2.3333,1
1326,2.6667,1.3333,4.3333,1.6667,2.0,2.0,0
1327,1.0,1.3333,5.0,1.6667,2.6667,2.0,0
1328,2.0,1.0,3.6667,3.6667,2.0,1.0,0
1329,1.0,1.0,1.0,1.0,1.0,1.0,0
1330,2.3333,2.3333,4.0,4.3333,2.0,2.6667,2
1331,2.0,1.6667,3.3333,1.0,3.3333,2.3333,0
1332,1.6667,1.3333,4.6667,1.6667,1.3333,1.0,0
1333,1.0,1.0,1.0,1.0,1.0,1.0,0
1334,2.3333,1.6667,2.0,3.0,4.6667,2.0,2
1335,2.3333,2.0,4.0,2.3333,2.0,1.3333,0
1336,1.3333,1.0,3.6667,4.6667,3.0,1.3333,2
1337,2.3333,2.0,4.0,3.6667,2.3333,3.3333,2
1338,3.0,2.3333,2.3333,4.0,2.0,2.0,2
1339,2.6667,3.3333,1.3333,1.3333,2.0,4.0,1
1340,1.6667,1.0,4.6667,4.0,2.3333,1.0,0
1341,2.0,1.3333,4.0,2.6667,4.0,1.0,0
1342,2.6667,4.0,1.6667,2.0,3.0,2.6667,1
1343,1.3333,1.3333,4.3333,2.3333,2.0,2.3333,0
1344,1.6667,1.0,4.0,3.3333,1.3333,1.0,0
1345,1.3333,1.0,4.3333,3.3333,2.0,2.0,0
1346,1.6667,1.0,4.6667,2.3333,3.3333,1.0,0
1347,4.0,3.6667,1.0,2.0,3.3333,4.3333,1
1348,2.3333,2.0,3.6667,3.6667,2.3333,2.0,2
1349,1.6667,1.3333,3.0,4.0,2.0,1.0,2
1350,2.0,3.0,1.3333,1.0,2.6667,3.6667,1
1351,2.0,1.6667,2.0,2.6667,3.0,1.6667,2
1352,2.3333,1.6667,3.6667,2.0,2.0,1.6667,0
1353,1.3333,1.0,4.6667,4.0,2.0,1.3333,0
1354,1.6667,1.0,3.0,1.0,2.6667,1.0,0
1355,1.3333,1.0,4.3333,2.0,1.3333,1.6667,0
1356,1.0,1.0,5.0,2.6667,2.3333,1.0,0
1357,1.0,1.0,4.6667,2.6667,2.3333,1.3333,0
1358,2.0,1.6667,4.0,1.6667,2.0,2.0,0
1359,1.6667,1.0,4.6667,2.6667,2.3333,1.6667,0
1360,1.0,1.0,5.0,3.0,1.6667,1.3333,0
1361,1.0,1.3333,4.3333,2.0,1.0,3.3333,0
1362,1.3333,1.3333,3.3333,2.3333,1.6667,1.3333,0
1363,1.0,1.0,4.0,2.6667,2.0,1.6667,0
1364,2.6667,2.3333,2.0,4.3333,1.6667,1.0,2
1365,2.6667,2.3333,1.6667,1.3333,3.0,3.0,1
1366,2.3333,1.0,4.0,4.3333,4.6667,1.6667,2
1367,2.0,2.0,4.3333,2.3333,2.3333,2.0,0
1368,2.0,2.3333,3.0,1.6667,2.3333,3.0,0
1369,3.3333,4.3333,1.3333,1.6667,2.0,4.0,1
1370,2.6667,2.6667,2.6667,1.6667,2.6667,3.3333,1
1371,2.6667,2.0,3.3333,2.3333,3.0,2.6667,0
1372,2.0,1.0,3.3333,2.0,3.0,2.0,0
1373,2.3333,2.0,3.6667,4.0,2.3333,2.0,2
1374,1.3333,1.3333,4.0,2.3333,1.6667,1.6667,0
1375,3.6667,2.6667,1.3333,2.6667,4.0,3.6667,1
1376,2.6667,1.0,3.6667,3.6667,4.0,1.6667,2
1377,2.3333,2.6667,2.3333,2.6667,3.0,3.0,2
1378,1.0,1.0,3.0,1.3333,2.6667,1.0,0
1379,1.3333,1.0,4.6667,2.0,1.0,2.0,0
1380,3.3333,3.6667,1.6667,1.3333,3.3333,3.6667,1
1381,1.3333,1.3333,4.3333,2.3333,1.0,1.0,0
1382,1.3333,1.6667,3.6667,4.3333,3.3333,1.0,2
1383,3.0,4.0,1.3333,1.3333,1.6667,3.6667,1
1384,2.3333,2.3333,2.3333,1.3333,2.0,3.3333,0
1385,1.0,2.6667,3.6667,1.0,1.6667,2.6667,0
1386,2.6667,2.6667,2.0,1.6667,1.6667,3.3333,1
1387,2.0,1.3333,4.0,2.6667,2.0,1.6667,0
1388,3.3333,2.6667,1.6667,4.3333,4.6667,2.6667,2
1389,2.0,1.0,3.3333,4.0,1.6667,1.0,2
1390,3.3333,3.6667,1.0,1.3333,2.3333,3.3333,1
1391,2.0,2.3333,3.0,1.3333,2.0,2.6667,0
1392,3.3333,3.0,1.6667,4.0,2.0,2.3333,2
1393,1.3333,1.6667,3.6667,2.0,2.3333,1.0,0
1394,2.0,1.0,3.3333,1.6667,4.0,2.0,0
1395,1.3333,1.0,3.0,3.0,1.6667,1.0,0
1396,1.6667,1.0,3.6667,1.6667,2.0,1.0,0
1397,2.0,2.6667,3.3333,3.0,4.6667,2.0,2
1398,2.3333,1.0,2.3333,3.6667,2.6667,1.0,2
1399,1.0,1.0,1.0,1.0,1.0,1.0,0
1400,2.0,1.3333,4.6667,3.3333,2.3333,2.0,0
1401,3.0,2.3333,1.6667,1.6667,2.6667,2.6667,1
1402,2.6667,1.6667,3.3333,1.3333,3.6667,2.6667,0
1403,1.6667,1.0,3.6667,1.3333,1.0,1.0,0
1404,2.6667,3.3333,1.3333,1.6667,2.3333,4.6667,1
1405,1.0,1.0,5.0,4.0,1.3333,1.0,0
1406,2.3333,2.6667,3.3333,1.3333,2.3333,4.3333,1
1407,1.3333,1.3333,3.3333,1.3333,1.6667,1.6667,0
1408,2.0,2.0,3.3333,1.6667,3.6667,2.0,0
1409,1.0,1.0,4.0,1.3333,2.3333,2.6667,0
1410,3.0,3.6667,1.3333,1.0,1.0,4.6667,1
1411,2.6667,1.0,4.6667,5.0,3.0,1.0,2
1412,2.6667,1.0,4.0,4.3333,3.3333,1.0,2
1413,2.3333,1.0,5.0,2.3333,1.6667,1.0,0
1414,1.6667,1.0,4.6667,3.3333,2.0,1.0,0
1415,2.3333,1.6667,4.6667,3.0,2.0,1.6667,0
1416,1.6667,1.0,3.0,1.0,3.6667,1.3333,0
1417,3.0,4.0,1.3333,1.6667,2.3333,4.3333,1
1418,3.0,3.0,1.3333,1.3333,2.3333,4.0,1
1419,4.0,4.0,1.0,2.6667,1.3333,3.0,1
1420,1.0,1.0,5.0,4.3333,1.6667,2.0,0
1421,1.6667,2.0,1.3333,1.3333,5.0,2.0,1
1422,1.0,1.0,4.3333,1.6667,1.6667,1.0,0
1423,3.0,2.3333,3.0,3.6667,4.3333,1.6667,2
1424,2.6667,3.0,4.3333,1.0,2.0,4.6667,1
1425,2.3333,2.3333,2.6667,3.3333,3.6667,3.3333,2
1426,3.0,2.3333,1.6667,3.3333,4.0,2.0,2
1427,3.0,3.0,3.0,2.0,3.3333,2.6667,1
1428,2.3333,1.6667,2.0,1.6667,3.0,3.6667,1
1429,2.0,2.0,2.6667,4.3333,2.0,1.6667,2
1430,2.0,3.6667,1.0,1.6667,5.0,2.6667,1
1431,1.0,1.0,1.0,1.0,1.0,1.0,0
1432,3.3333,2.0,3.6667,2.6667,4.0,1.6667,2
1433,2.0,1.6667,3.0,2.0,2.3333,2.0,0
1434,2.6667,1.3333,3.0,4.0,2.3333,2.6667,2
1435,1.3333,2.0,1.6667,1.3333,4.0,1.3333,0
1436,1.6667,1.3333,4.0,2.3333,2.6667,1.6667,0
1437,2.3333,2.3333,4.0,3.0,2.0,3.0,0
1438,1.0,1.0,3.6667,1.6667,2.3333,1.6667,0
1439,1.6667,2.0,2.6667,2.3333,1.3333,1.3333,0
1440,2.0,2.0,3.0,2.0,1.0,1.6667,0
1441,1.3333,1.0,3.0,3.3333,4.3333,2.3333,2
1442,2.6667,1.6667,4.0,3.0,2.3333,1.6667,0
1443,3.6667,4.3333,1.0,1.6667,4.0,4.3333,1
1444,1.3333,2.0,4.3333,1.3333,1.6667,3.3333,0
1445,3.3333,3.3333,1.6667,2.0,4.3333,2.6667,1
1446,2.0,1.6667,3.6667,2.6667,3.3333,1.3333,0
1447,3.3333,4.0,1.0,1.0,1.6667,2.3333,1
1448,1.0,1.3333,4.0,2.3333,2.6667,4.3333,0
1449,3.6667,3.6667,2.6667,1.0,2.3333,3.3333,1
1450,3.0,2.3333,1.3333,1.3333,3.0,3.6667,1
1451,4.3333,4.6667,1.0,1.3333,3.0,4.6667,1
1452,2.6667,3.6667,2.0,2.0,3.0,4.6667,1
1453,3.0,3.6667,2.6667,2.3333,2.3333,4.3333,1
1454,4.3333,4.0,1.0,1.0,4.0,4.3333,1
1455,1.6667,1.0,4.6667,4.0,2.3333,1.0,0
1456,1.3333,1.0,2.3333,3.0,2.3333,1.0,0
1457,2.0,2.3333,2.3333,2.0,2.0,3.3333,0
1458,1.6667,1.3333,3.6667,1.3333,1.3333,1.6667,0
1459,2.0,1.0,4.0,2.3333,2.3333,1.6667,0
1460,1.0,1.0,4.0,2.0,2.0,1.0,0
1461,2.6667,3.3333,3.0,2.6667,2.0,2.6667,2
1462,2.6667,3.6667,1.6667,2.3333,3.0,3.3333,1
1463,3.0,3.0,3.0,2.0,4.6667,3.0,1
1464,2.3333,1.6667,3.0,2.3333,3.3333,3.0,0
1465,1.6667,2.6667,3.6667,1.6667,2.6667,2.3333,0
1466,1.3333,1.6667,4.3333,2.0,2.0,2.0,0
1467,1.3333,1.0,4.6667,2.0,1.6667,2.0,0
1468,2.0,1.0,4.3333,2.3333,2.0,2.6667,0
1469,1.6667,1.3333,2.3333,2.6667,3.0,1.0,0
1470,3.3333,2.6667,3.6667,4.0,3.0,1.6667,2
1471,1.6667,1.6667,4.6667,1.0,2.6667,2.6667,0
1472,2.0,1.6667,4.0,3.3333,1.6667,1.0,0
1473,1.6667,2.6667,1.6667,1.0,3.3333,3.0,1
1474,1.3333,2.0,4.0,1.0,1.3333,2.3333,0
1475,2.6667,3.3333,1.0,1.0,2.6667,3.6667,1
1476,3.0,3.6667,1.3333,1.6667,1.6667,4.6667,1
1477,3.0,2.3333,1.0,1.6667,3.6667,3.3333,1
1478,3.3333,3.6667,1.0,2.6667,4.6667,1.6667,1
1479,3.0,3.3333,1.6667,2.3333,4.3333,3.0,1
1480,3.6667,3.6667,3.0,2.0,3.6667,3.0,1
1481,3.0,2.6667,1.6667,3.0,3.0,2.3333,2
1482,2.0,2.3333,4.0,1.0,1.0,1.6667,0
1483,1.3333,1.0,4.3333,3.0,1.6667,3.0,0
1484,1.3333,1.0,3.3333,1.6667,2.6667,3.0,0
1485,3.0,3.6667,1.0,1.0,4.0,5.0,1
1486,3.0,2.6667,3.6667,2.3333,1.6667,3.6667,0
1487,1.0,1.0,1.0,1.0,1.0,1.0,0
1488,3.0,4.0,1.6667,1.0,2.6667,4.0,1
1489,1.0,1.0,3.0,2.0,2.0,1.6667,0
1490,1.6667,1.0,4.3333,2.3333,1.0,1.0,0
1491,1.6667,1.3333,4.3333,3.3333,3.3333,1.0,0
1492,1.6667,1.6667,1.6667,1.3333,4.0,1.6667,0
1493,3.0,1.3333,4.6667,4.3333,1.3333,1.6667,2
1494,1.0,1.3333,1.3333,1.6667,1.6667,1.0,0
1495,2.0,1.6667,4.3333,1.3333,1.3333,1.3333,0
1496,2.6667,2.3333,2.6667,2.6667,4.0,3.0,2
1497,1.6667,1.3333,4.0,4.0,2.0,2.3333,0
1498,1.6667,1.0,4.3333,2.6667,2.0,1.6667,0
1499,2.6667,1.0,4.0,3.0,2.0,1.0,0
