,target,C1,C2,C3,C4,C5,C6,Valence,Arousal
0,sm4451787,3.0,2.75,2.25,2.25,3.0,1.75,0.25,0.25
1,sm7402532,3.25,3.0,1.75,2.75,2.25,3.0,0.5,1.0
2,sm11165729,3.0,2.5,2.75,2.75,2.75,2.0,0.75,-0.25
3,sm16969007,3.5,3.5,3.25,2.75,2.25,4.25,-1.25,0.75
4,sm15022913,3.75,3.5,2.5,1.25,2.5,3.25,-0.75,0.5
5,sm14742092,4.25,4.75,2.0,2.75,2.25,4.25,0.75,1.75
6,sm15970184,3.75,2.0,4.0,3.25,2.25,2.0,0.5,-0.75
7,sm9292554,2.25,2.5,2.25,2.0,4.5,1.5,0.5,0.5
8,sm9168029,3.0,3.25,2.75,2.0,3.75,3.25,-0.25,0.25
9,sm11237572,3.25,2.25,3.25,3.75,3.75,1.75,1.25,-0.75
10,sm13611637,2.75,1.75,3.75,3.5,2.0,1.25,0.25,-0.75
11,sm8614063,3.75,1.75,3.5,4.5,3.25,1.75,1.25,-0.75
12,sm15553296,3.75,2.25,3.0,4.5,2.5,1.0,1.25,-0.25
13,sm15430979,4.0,4.0,2.3333,3.3333,1.6667,4.3333,-0.3333,2.0
14,sm13121567,4.0,4.3333,1.6667,3.0,2.3333,4.0,0.3333,1.0
15,sm7215797,1.6667,1.3333,4.0,1.6667,3.0,1.3333,-1.3333,-1.3333
16,sm12647084,2.3333,2.0,4.0,3.3333,2.3333,1.0,0.6667,-1.3333
17,sm8906830,3.6667,4.0,2.0,2.3333,3.6667,4.6667,-0.3333,0.6667
18,sm17134469,4.0,4.0,2.3333,2.0,2.0,3.6667,-0.3333,0.6667
19,sm15522291,3.0,2.6667,3.6667,3.6667,2.6667,2.0,0.0,0.0
20,sm14904005,3.3333,2.3333,3.3333,3.0,3.0,1.6667,0.3333,0.3333
21,sm15107170,3.3333,1.3333,2.6667,3.3333,2.6667,2.0,1.0,-1.0
22,sm16187258,2.6667,2.6667,1.6667,3.3333,2.0,1.0,1.6667,0.0
23,sm11049254,2.0,4.0,1.0,1.3333,2.3333,4.6667,-1.0,1.6667
24,sm12595936,2.0,1.0,4.3333,2.3333,3.0,1.0,0.6667,-1.6667
25,sm10453745,2.3333,1.6667,3.6667,3.6667,2.3333,1.3333,1.0,-1.0
26,sm3425798,1.0,1.3333,3.3333,1.0,1.6667,1.6667,-1.6667,-1.0
27,sm16844849,4.0,4.3333,1.6667,2.0,2.6667,5.0,-0.3333,2.0
28,sm16448432,3.3333,3.3333,3.0,4.3333,3.0,2.3333,0.0,1.3333
29,sm4225465,1.0,1.0,1.0,1.0,1.0,1.0,0.0,0.0
30,sm12957824,4.3333,4.6667,1.0,3.0,2.3333,4.0,0.6667,1.6667
31,sm9893696,1.0,2.0,3.3333,1.3333,3.6667,4.0,-1.3333,-0.3333
32,sm6627628,2.3333,2.3333,2.0,2.0,3.6667,2.6667,-0.6667,-0.3333
33,sm9874221,1.6667,1.3333,2.3333,1.6667,1.6667,1.6667,-0.3333,-0.3333
34,sm3671912,3.6667,3.6667,2.0,3.0,4.3333,1.6667,0.6667,1.0
35,sm12476122,3.3333,3.6667,2.6667,1.3333,2.0,4.3333,-0.3333,0.6667
36,sm13283978,4.0,3.0,1.6667,4.3333,1.3333,1.0,1.3333,0.3333
37,sm7807845,2.0,3.0,2.0,2.0,1.6667,2.3333,-0.6667,0.6667
38,sm4218005,3.3333,4.0,1.3333,3.0,3.3333,4.6667,0.0,1.6667
39,sm14011063,2.0,2.3333,2.3333,1.6667,3.3333,4.0,0.0,0.0
40,sm8121199,1.0,1.0,3.6667,2.3333,2.3333,1.3333,-0.3333,-1.0
41,sm16366329,4.3333,4.3333,2.3333,2.3333,1.6667,4.3333,-0.3333,1.6667
42,sm15568640,1.6667,2.3333,2.3333,2.3333,1.6667,2.0,0.3333,0.0
43,sm11325190,4.3333,4.6667,1.0,3.0,3.3333,4.6667,0.6667,1.6667
44,sm7878515,1.0,1.0,4.6667,3.3333,3.6667,1.0,0.3333,-1.6667
45,sm16309692,1.0,1.6667,4.3333,1.0,1.6667,3.0,-1.0,-1.6667
46,sm2013783,3.3333,4.6667,1.0,1.6667,4.0,4.3333,0.0,1.3333
47,sm15841119,4.0,3.3333,1.6667,3.0,1.0,1.3333,0.6667,1.0
48,sm8251494,3.0,2.6667,1.3333,2.3333,4.3333,2.6667,0.0,0.0
49,sm2553659,1.3333,3.0,1.6667,1.3333,1.3333,1.3333,-0.6667,1.0
50,sm15741427,3.3333,2.6667,2.6667,3.6667,3.6667,2.0,1.0,0.6667
51,sm14606732,3.0,2.6667,2.3333,3.0,4.6667,2.0,1.0,0.0
52,sm17015301,3.6667,4.0,1.0,1.3333,3.0,4.3333,-0.6667,1.0
53,sm15583068,3.3333,2.3333,2.0,2.3333,3.6667,1.6667,-0.3333,0.3333
54,sm13361994,3.3333,3.6667,1.6667,2.0,3.0,3.6667,0.3333,1.3333
55,sm3971759,2.6667,1.3333,3.6667,2.6667,5.0,2.6667,0.3333,-1.0
56,sm11409063,3.6667,4.0,4.0,3.0,2.0,3.6667,0.3333,-0.3333
57,sm16833058,4.3333,4.3333,1.0,1.3333,2.3333,4.3333,-1.0,1.3333
58,sm15289816,1.3333,1.0,4.6667,1.6667,2.6667,2.3333,-0.6667,-1.3333
59,sm7000665,2.6667,2.6667,2.3333,1.6667,2.3333,3.6667,-1.0,0.3333
60,sm16772487,3.0,3.3333,2.0,3.0,3.0,2.3333,1.0,0.3333
61,sm14619871,2.6667,3.0,3.6667,3.6667,1.0,2.0,0.6667,-1.0
62,sm10975244,4.3333,5.0,1.0,1.6667,3.6667,4.6667,0.0,2.0
63,sm9409012,2.6667,3.0,1.0,1.0,1.3333,3.0,0.0,1.3333
64,sm14503375,3.3333,3.0,3.3333,3.0,2.3333,3.6667,0.3333,0.6667
65,sm14989713,2.3333,2.6667,4.3333,1.0,1.3333,2.3333,-0.6667,0.0
66,sm4554935,3.6667,4.3333,1.3333,1.3333,3.0,5.0,-1.0,1.6667
67,sm17323674,2.0,1.6667,3.6667,2.3333,1.0,1.6667,0.6667,-0.3333
68,sm16973327,3.6667,2.3333,1.6667,3.3333,3.6667,2.6667,0.6667,0.3333
69,sm16070272,3.0,2.0,3.3333,4.0,1.3333,1.0,1.0,-0.6667
70,sm6235882,3.0,4.0,2.3333,1.6667,3.6667,3.6667,0.0,1.0
71,sm16011363,3.6667,1.3333,4.6667,4.3333,2.3333,1.6667,0.3333,-1.3333
72,sm15032299,3.0,3.3333,1.3333,1.0,2.0,4.3333,-0.6667,1.3333
73,sm15955450,3.3333,3.0,4.0,4.0,4.0,2.6667,1.3333,0.3333
74,sm16729081,4.0,4.6667,1.0,1.0,4.3333,4.3333,-0.3333,1.6667
75,sm12645546,3.3333,3.6667,2.6667,2.6667,2.0,2.3333,1.0,0.0
76,sm1884912,2.6667,2.0,2.3333,3.0,3.6667,1.6667,0.0,0.3333
77,sm15686024,3.3333,4.3333,2.6667,2.0,3.0,4.0,1.0,0.6667
78,sm11412217,4.0,4.0,1.3333,2.6667,4.0,4.0,0.6667,1.3333
79,sm16800139,3.3333,1.6667,3.0,3.3333,1.6667,2.3333,1.0,0.0
80,sm7550182,2.0,1.0,4.6667,3.0,5.0,1.3333,0.3333,-1.0
81,sm15980251,3.0,2.6667,1.3333,1.0,5.0,2.0,-0.3333,1.3333
82,sm4180612,3.0,3.0,3.0,1.6667,2.0,2.6667,-0.3333,1.0
83,sm12894209,3.0,2.6667,3.0,3.0,2.6667,1.3333,0.3333,-0.3333
84,sm14820593,2.0,2.6667,3.6667,1.3333,2.6667,2.6667,-0.6667,0.3333
85,sm9931198,3.3333,3.6667,1.6667,2.6667,4.0,4.3333,0.0,1.3333
86,sm3995757,3.0,1.6667,3.6667,3.3333,3.0,1.3333,0.6667,0.0
87,sm12347529,2.3333,2.6667,2.6667,1.6667,3.0,3.0,-0.3333,0.0
88,sm2280411,1.6667,1.0,3.6667,3.0,2.0,1.0,1.3333,-0.6667
89,sm8712532,3.6667,4.0,1.6667,1.0,2.3333,3.3333,0.3333,0.6667
90,sm7224643,4.0,3.0,2.3333,4.3333,1.3333,2.3333,1.3333,0.3333
91,sm16799739,4.3333,3.6667,2.0,3.6667,3.3333,2.3333,1.3333,1.3333
92,sm4271005,4.3333,4.3333,1.3333,2.3333,4.0,3.6667,0.0,1.3333
93,sm13207406,2.6667,1.3333,4.3333,4.6667,1.6667,1.6667,1.6667,-1.3333
94,sm10393864,3.6667,4.0,3.0,2.6667,3.0,4.0,0.3333,0.3333
95,sm7527985,2.6667,4.0,3.0,1.0,2.6667,3.3333,-0.6667,1.0
96,sm17336304,1.6667,2.0,4.0,1.3333,1.6667,2.3333,-1.3333,-0.6667
97,sm8412978,3.3333,2.0,4.0,3.6667,2.0,1.0,0.3333,-1.0
98,sm16201802,4.0,4.0,3.3333,2.6667,2.0,4.0,-0.3333,-0.6667
99,sm15844332,2.0,2.0,4.0,2.3333,1.3333,1.6667,0.6667,0.0
100,sm16353783,3.6667,4.0,1.0,2.0,3.0,3.3333,0.0,1.3333
101,sm15875228,3.3333,3.6667,2.3333,1.3333,2.6667,3.6667,-0.3333,1.0
102,sm3032672,2.3333,1.0,3.6667,1.3333,3.0,1.0,-0.6667,-1.3333
103,sm14019085,2.6667,3.3333,2.3333,1.6667,2.0,3.3333,-0.3333,1.3333
104,sm16231559,3.0,2.6667,1.3333,3.3333,3.3333,1.3333,0.6667,0.3333
105,sm12588223,1.0,1.0,4.6667,1.3333,4.0,1.3333,-1.0,-1.6667
106,sm16770185,3.6667,3.6667,3.3333,2.6667,1.3333,3.6667,0.3333,0.0
107,sm16583264,3.0,3.0,3.6667,3.0,2.0,2.3333,0.3333,-0.3333
108,sm16496406,2.6667,2.3333,3.6667,1.6667,1.6667,3.0,-0.3333,0.0
109,sm9731365,3.0,4.0,1.3333,1.0,1.6667,4.0,-0.3333,1.3333
110,sm10038694,3.3333,4.3333,2.6667,2.3333,2.3333,4.6667,-0.3333,1.6667
111,sm6980351,3.0,1.3333,4.0,2.6667,2.0,2.0,0.6667,-1.3333
112,sm13087456,1.6667,1.3333,3.6667,3.6667,2.0,2.0,1.0,-1.0
113,sm15318436,3.6667,2.0,2.0,4.0,2.6667,1.3333,1.3333,0.3333
114,sm11080597,3.0,4.0,1.3333,1.0,2.6667,3.6667,-0.6667,1.3333
115,sm6183732,2.3333,2.0,2.6667,2.0,4.3333,2.0,0.0,0.3333
116,sm16693218,3.0,3.3333,1.0,4.0,4.3333,2.3333,1.0,0.6667
117,sm14760181,2.0,1.6667,3.3333,1.3333,2.0,2.3333,-0.6667,-0.3333
118,sm15652860,1.6667,2.6667,2.0,1.0,2.6667,3.3333,-0.3333,0.6667
119,sm12929188,3.0,1.3333,4.6667,3.6667,2.6667,1.3333,0.6667,-1.0
120,sm6030356,3.3333,1.0,4.3333,4.0,3.3333,1.3333,-0.3333,-1.6667
121,sm10443985,2.0,2.3333,2.3333,2.3333,4.6667,1.6667,0.0,0.0
122,sm8976018,4.3333,4.3333,1.0,2.0,1.6667,4.0,0.0,2.0
123,sm14274692,2.6667,2.0,3.0,4.3333,3.6667,1.0,1.3333,-1.0
124,sm12183265,3.0,1.6667,4.3333,3.0,2.6667,2.3333,0.3333,-0.6667
125,sm10632158,2.0,3.3333,3.3333,1.6667,1.6667,1.6667,-1.3333,0.0
126,sm8781129,1.0,1.0,1.0,1.0,1.0,1.0,0.0,0.0
127,sm9024627,3.3333,3.6667,1.3333,1.6667,2.6667,3.0,0.0,0.3333
128,sm8061167,1.3333,2.0,3.6667,2.3333,2.3333,1.6667,-1.3333,-0.6667
129,nm10674682,1.0,1.0,1.0,1.0,1.0,1.0,0.0,0.0
130,sm16670262,3.6667,4.6667,1.6667,2.6667,2.0,3.6667,0.3333,1.6667
131,sm8707393,3.3333,3.6667,1.0,2.3333,4.3333,4.0,-0.3333,1.3333
132,sm15942116,2.6667,3.0,2.0,1.6667,1.3333,4.3333,-0.3333,1.3333
133,sm15207451,3.3333,3.6667,1.6667,2.0,2.0,4.3333,0.0,1.0
134,sm2827322,4.0,4.0,1.0,1.3333,3.0,4.6667,-0.3333,2.0
135,sm5332327,2.6667,2.0,4.0,2.0,2.0,2.0,-0.3333,-0.6667
136,sm16765671,4.0,3.3333,2.0,5.0,2.3333,1.0,1.6667,0.0
137,sm10628168,1.6667,1.3333,3.0,4.0,2.3333,1.0,1.6667,-1.0
138,sm14188383,3.3333,3.0,2.0,3.0,3.3333,2.0,0.3333,0.6667
139,sm13988881,3.6667,3.6667,1.6667,1.3333,1.3333,3.3333,-0.6667,0.3333
140,sm15090846,3.0,3.0,3.3333,2.6667,3.3333,1.0,0.0,0.0
141,sm14367556,1.3333,1.6667,3.6667,1.6667,4.3333,1.3333,0.3333,-0.6667
142,sm13124416,3.6667,4.0,2.3333,1.3333,3.3333,3.3333,-0.6667,0.0
143,sm12527072,3.0,4.0,2.0,2.3333,2.0,3.0,0.0,1.3333
144,sm16386722,4.0,4.0,2.0,2.6667,2.6667,3.3333,0.0,1.3333
145,sm11879325,3.3333,3.3333,1.6667,2.0,3.0,2.0,-0.3333,0.3333
146,sm12468990,2.0,4.3333,2.0,1.0,3.0,5.0,-0.6667,1.3333
147,sm10626762,2.6667,2.3333,2.6667,3.3333,2.6667,1.0,1.0,-0.3333
148,sm3950088,3.0,3.0,1.3333,2.0,4.0,3.3333,0.3333,0.6667
149,sm11970630,4.0,3.6667,1.3333,3.3333,3.0,3.0,0.6667,0.6667
150,sm11086161,2.0,2.3333,3.3333,2.6667,2.0,3.0,0.6667,0.3333
151,sm1986944,2.3333,3.0,2.6667,1.0,1.6667,4.3333,-0.3333,1.3333
152,sm4773890,3.0,4.0,2.6667,2.3333,4.0,4.0,-0.3333,1.3333
153,sm7897854,3.0,2.0,4.3333,3.6667,2.0,1.3333,0.6667,-1.0
154,sm13539726,2.6667,2.3333,1.3333,4.0,3.0,1.3333,1.6667,1.0
155,sm6448701,4.3333,4.6667,1.3333,2.0,3.0,4.3333,-0.3333,1.6667
156,sm14639128,2.6667,3.3333,3.3333,1.6667,1.3333,2.6667,-0.6667,0.0
157,sm11477181,2.6667,2.3333,2.6667,3.0,2.6667,1.0,0.6667,0.0
158,sm16475295,2.3333,1.3333,3.0,3.6667,2.3333,1.3333,0.0,-0.6667
159,sm15714327,4.0,3.0,2.6667,3.6667,2.0,1.3333,1.0,-0.6667
160,sm11139657,2.0,1.6667,3.6667,1.6667,2.3333,2.3333,-1.0,0.3333
161,sm5948584,2.3333,2.6667,4.3333,4.0,3.3333,1.6667,0.0,-0.6667
162,sm17201316,3.0,4.3333,3.0,2.3333,2.6667,4.3333,0.3333,0.3333
163,sm4028567,2.6667,2.6667,4.3333,2.6667,2.0,4.0,-1.0,-0.6667
164,sm5137683,3.6667,4.0,1.0,2.0,2.3333,4.3333,0.3333,1.3333
165,sm15230821,2.6667,2.6667,3.0,2.0,1.0,2.6667,-1.0,-0.6667
166,sm4966548,3.0,3.0,2.6667,1.3333,1.6667,1.6667,-1.0,0.6667
167,sm16253955,4.0,1.6667,3.6667,3.6667,2.3333,2.3333,1.0,-1.0
168,sm6753213,4.3333,1.6667,4.3333,4.3333,1.3333,1.3333,1.6667,-1.3333
169,sm12339479,1.0,1.0,5.0,1.6667,2.6667,1.3333,-1.0,-2.0
170,sm7891168,2.6667,2.0,3.6667,3.3333,3.3333,1.0,1.3333,-0.6667
171,sm14639413,4.0,4.3333,1.0,2.0,2.3333,4.0,0.3333,1.3333
172,sm8796407,2.6667,1.6667,2.6667,3.0,2.0,1.0,0.3333,-1.0
173,sm16409992,1.6667,2.6667,3.3333,1.6667,4.0,2.0,-0.3333,0.3333
174,sm6727398,2.3333,2.3333,2.0,2.0,2.3333,1.6667,-1.3333,0.3333
175,sm16980824,2.3333,1.3333,3.6667,3.3333,2.6667,1.0,1.3333,-0.6667
176,sm15099538,2.3333,1.3333,4.0,3.0,1.0,2.0,-0.3333,-1.0
177,sm9218213,2.6667,1.3333,3.6667,3.6667,1.6667,2.0,0.3333,-0.6667
178,sm15531021,2.0,1.0,4.6667,2.6667,3.0,2.3333,-0.6667,-1.0
179,sm7778065,2.3333,1.6667,3.0,3.3333,3.6667,1.6667,-1.0,-0.3333
180,sm17191781,3.3333,2.3333,1.3333,3.6667,4.6667,1.3333,1.6667,0.6667
181,sm9430710,1.0,1.0,1.0,1.0,1.0,1.0,0.0,0.0
182,sm4291081,3.3333,3.6667,2.3333,2.3333,2.3333,3.3333,0.0,1.3333
183,sm7879207,3.3333,3.6667,1.0,2.3333,4.6667,3.6667,0.3333,1.6667
184,sm10868543,4.0,4.6667,1.0,2.0,2.6667,4.3333,0.0,1.6667
185,sm16559290,4.3333,5.0,1.0,1.6667,4.6667,5.0,-0.3333,1.6667
186,sm15189350,4.3333,4.6667,1.0,2.6667,4.6667,3.0,0.6667,1.3333
187,sm10565041,2.0,2.0,3.3333,2.0,2.6667,2.6667,-0.3333,-1.0
188,sm8699900,4.0,3.6667,1.3333,2.0,3.3333,4.0,-0.3333,0.6667
189,sm2489873,3.0,3.3333,3.0,2.3333,2.6667,2.3333,-0.3333,0.3333
190,sm14657185,1.6667,2.6667,3.6667,1.0,1.3333,2.3333,-1.0,0.0
191,sm13523086,2.6667,1.6667,4.0,2.6667,4.3333,1.3333,0.6667,-1.3333
192,sm9301676,2.6667,3.0,2.6667,2.3333,1.6667,2.3333,-0.3333,0.0
193,sm16137694,3.6667,3.3333,2.0,2.3333,3.0,4.3333,0.6667,1.0
194,sm12967128,3.6667,1.6667,3.0,4.0,1.6667,1.3333,1.0,0.0
195,sm16405963,3.3333,3.3333,1.0,3.0,4.3333,3.0,0.0,1.6667
196,sm15572522,2.0,1.6667,3.0,2.6667,1.6667,2.6667,0.6667,-0.6667
197,sm16763060,1.0,1.0,1.0,1.0,1.0,1.0,0.0,0.0
198,sm16069888,3.6667,3.6667,1.6667,1.0,3.6667,3.3333,-0.3333,1.0
199,sm9228896,3.3333,2.3333,2.6667,3.0,1.3333,1.0,0.6667,0.0
200,sm10066433,1.6667,1.6667,3.3333,1.3333,2.0,1.0,0.0,-0.3333
201,sm5513850,3.3333,3.0,1.6667,3.3333,1.6667,2.3333,0.6667,0.6667
202,sm11151641,2.6667,1.3333,4.6667,3.0,2.3333,1.3333,-0.6667,-1.3333
203,sm15533024,1.6667,1.3333,3.0,2.0,1.3333,1.0,-0.3333,-0.3333
204,sm9538407,1.3333,2.6667,3.3333,1.6667,1.3333,1.3333,-1.3333,-0.6667
205,sm12757490,4.6667,4.6667,1.0,2.3333,2.3333,4.3333,0.6667,1.6667
206,sm9100218,3.3333,3.6667,1.6667,1.0,2.6667,4.6667,-0.3333,1.6667
207,sm15428781,1.3333,1.3333,3.3333,2.0,3.0,1.6667,0.0,-0.6667
208,sm16859428,3.3333,3.0,2.6667,2.6667,4.3333,3.3333,0.3333,1.0
209,sm13101737,2.3333,2.0,3.6667,3.0,4.6667,3.0,-0.6667,0.6667
210,sm11788815,2.6667,1.6667,4.3333,3.6667,3.3333,1.3333,1.3333,-1.0
211,sm10242501,2.3333,2.0,2.6667,2.3333,4.0,1.3333,0.0,-0.3333
212,sm8414715,3.0,3.0,3.0,2.0,1.3333,3.3333,-1.0,0.6667
213,sm14891347,1.6667,1.0,4.6667,2.0,3.0,2.3333,0.3333,-0.3333
214,sm7232278,1.3333,1.6667,2.0,2.3333,5.0,1.0,-0.3333,-0.6667
215,sm15010446,4.0,2.6667,3.3333,4.6667,2.6667,1.0,2.0,-1.0
216,sm14300255,2.3333,3.0,2.6667,2.6667,2.0,3.3333,0.0,1.0
217,sm11244099,1.6667,2.3333,4.0,1.0,2.3333,2.3333,-1.0,-0.6667
218,sm9764858,3.0,3.6667,1.6667,1.6667,2.6667,4.0,-1.0,1.0
219,sm12377743,3.0,1.6667,3.6667,2.6667,1.6667,1.6667,1.0,-1.0
220,sm17211747,4.0,4.6667,1.0,2.6667,3.6667,4.6667,1.3333,1.6667
221,sm9794134,2.0,2.6667,3.6667,1.0,2.0,1.6667,-1.6667,0.0
222,sm15101518,3.3333,4.6667,1.0,1.6667,4.0,4.6667,0.3333,1.6667
223,sm15016420,3.6667,4.0,1.0,2.0,3.0,5.0,0.3333,2.0
224,sm17092280,3.3333,3.6667,2.6667,2.3333,2.3333,3.3333,0.6667,1.0
225,sm10446457,3.6667,4.3333,1.0,2.3333,3.6667,4.3333,0.6667,1.3333
226,sm14864051,1.3333,2.3333,3.0,2.0,1.6667,3.0,-0.6667,-0.3333
227,sm16527005,2.6667,2.3333,3.3333,4.3333,2.0,1.6667,0.6667,0.3333
228,sm12041264,3.0,1.6667,3.6667,2.0,1.6667,2.6667,0.0,-0.6667
229,sm5608513,4.0,3.6667,1.0,2.6667,2.6667,3.0,0.6667,1.6667
230,sm12888483,2.6667,2.3333,2.6667,3.3333,3.3333,1.0,0.3333,-0.3333
231,sm9174236,3.3333,3.0,1.0,1.3333,4.6667,1.6667,0.0,0.6667
232,sm9981341,3.0,2.6667,2.0,4.0,3.3333,1.6667,1.3333,0.0
233,sm12507705,3.3333,4.0,1.6667,2.6667,2.0,4.6667,0.3333,1.3333
234,sm16719809,4.6667,4.6667,1.0,1.6667,3.6667,5.0,0.3333,2.0
235,sm17235354,3.0,2.3333,2.3333,3.0,2.3333,1.6667,1.0,0.3333
236,sm15470588,2.6667,3.0,1.0,2.3333,2.6667,2.3333,0.3333,1.0
237,sm15789837,3.6667,2.6667,3.3333,2.0,2.0,3.0,-0.3333,0.6667
238,sm6059337,1.3333,1.6667,3.6667,2.3333,2.3333,3.0,-0.6667,-1.0
239,sm2678744,3.3333,3.0,1.0,1.6667,4.6667,3.0,0.3333,0.6667
240,sm3534601,2.3333,2.6667,2.0,1.6667,2.3333,3.3333,-0.6667,0.6667
241,sm12981881,4.0,4.6667,1.6667,3.0,3.0,4.3333,0.0,1.6667
242,sm8696152,3.3333,1.0,4.6667,4.3333,1.3333,1.6667,0.6667,-1.0
243,sm7686320,3.3333,2.3333,4.0,2.6667,3.6667,1.0,1.0,-0.6667
244,sm16085344,2.0,2.0,3.6667,1.6667,1.3333,3.3333,-0.3333,-1.0
245,sm11183729,2.3333,2.3333,3.3333,3.6667,1.3333,2.0,0.3333,-0.6667
246,sm16827089,3.3333,2.6667,3.0,4.0,4.3333,2.0,0.3333,0.3333
247,sm14605161,2.6667,2.3333,2.3333,2.6667,1.3333,2.0,0.6667,-0.3333
248,sm15308214,3.0,1.3333,4.6667,4.3333,3.0,1.3333,1.6667,-1.3333
249,sm17020500,3.0,2.6667,3.6667,3.3333,2.0,1.0,1.6667,0.0
250,sm14731596,3.0,4.0,1.0,2.3333,3.0,4.6667,0.0,1.6667
251,sm16846374,4.3333,4.6667,1.3333,3.3333,3.3333,4.6667,0.0,1.6667
252,sm9154541,1.6667,1.3333,3.3333,3.3333,2.0,1.0,1.0,-1.0
253,sm8937853,3.6667,2.0,3.0,4.3333,1.6667,1.3333,1.6667,0.3333
254,sm6723010,3.0,2.0,3.6667,2.0,2.6667,2.3333,0.0,-0.6667
255,sm15054061,2.3333,3.0,3.0,3.0,2.6667,1.3333,1.3333,0.0
256,sm9537937,4.0,4.3333,1.0,2.6667,4.3333,4.0,0.0,1.3333
257,sm12990765,3.3333,2.6667,1.6667,1.6667,3.3333,2.3333,0.3333,0.0
258,sm7030348,2.0,2.6667,1.0,1.3333,2.3333,3.6667,-0.3333,0.6667
259,sm8194738,3.6667,1.6667,4.0,4.0,1.6667,3.0,1.6667,-0.6667
260,sm4611149,1.0,1.3333,4.3333,1.3333,1.0,1.3333,-1.3333,-1.6667
261,sm15448244,2.3333,1.6667,4.3333,4.0,2.6667,1.3333,-0.3333,-0.3333
262,sm12835874,3.6667,3.6667,2.0,2.0,1.6667,3.6667,-0.3333,1.0
263,sm2205860,3.3333,3.3333,2.3333,4.3333,2.3333,1.6667,1.3333,0.6667
264,sm2653480,4.0,3.6667,2.3333,3.0,2.0,1.6667,0.0,1.0
265,sm16258483,4.3333,4.3333,1.3333,2.3333,4.0,3.3333,0.0,1.6667
266,sm11774439,4.3333,4.3333,1.0,2.6667,4.0,3.6667,0.3333,1.3333
267,sm8755465,1.3333,2.0,3.0,1.0,2.6667,4.0,-1.0,0.3333
268,sm14945102,3.6667,3.3333,2.0,1.6667,3.0,4.3333,0.0,1.6667
269,sm12549171,2.3333,2.3333,3.6667,3.3333,1.0,2.3333,0.6667,-0.3333
270,sm4247321,1.6667,1.6667,2.0,1.3333,3.3333,1.3333,-1.6667,-0.3333
271,sm13984259,2.0,1.3333,4.6667,3.0,2.6667,1.0,0.3333,-1.3333
272,sm2088347,2.6667,4.3333,2.0,1.3333,4.3333,5.0,1.6667,0.3333
273,sm7598217,4.3333,4.3333,1.0,3.3333,2.3333,4.6667,1.0,1.6667
274,sm9829617,3.6667,3.3333,1.6667,1.3333,2.6667,3.3333,0.0,1.3333
275,sm6440455,2.3333,1.0,2.0,3.0,5.0,1.0,1.0,-0.3333
276,sm2584252,1.3333,3.3333,2.6667,1.0,1.0,2.3333,-0.6667,-0.3333
277,sm3671490,3.3333,4.0,1.0,2.3333,4.3333,3.3333,0.0,1.3333
278,sm15015175,3.3333,1.3333,3.6667,4.3333,3.6667,2.0,1.6667,-1.6667
279,sm9093103,3.0,2.3333,3.0,4.6667,4.0,2.0,1.3333,0.0
280,sm6601567,3.0,2.6667,3.6667,3.6667,3.3333,3.0,1.0,0.3333
281,sm1418287,2.6667,1.3333,4.3333,1.3333,2.0,2.3333,-1.3333,-1.0
282,sm4775983,2.0,1.3333,4.3333,2.6667,3.0,2.0,-0.3333,-1.0
283,sm7681611,1.6667,1.3333,3.0,1.3333,4.0,2.0,-1.0,-1.3333
284,sm9708587,3.3333,2.6667,1.6667,2.3333,4.6667,4.0,-0.3333,1.0
285,sm6165498,2.6667,1.0,5.0,3.6667,2.0,2.3333,0.0,-2.0
286,sm16659931,2.3333,2.0,4.0,2.3333,2.6667,3.0,-1.3333,0.0
287,sm15361114,3.0,1.3333,4.6667,4.6667,2.6667,1.6667,1.6667,-0.6667
288,sm10385393,2.6667,3.3333,2.0,1.6667,1.0,2.6667,-0.3333,0.6667
289,sm1632617,1.6667,2.6667,4.0,1.3333,2.3333,2.3333,-1.6667,-0.3333
290,sm14407430,3.6667,3.3333,1.3333,2.6667,1.3333,1.6667,1.0,1.0
291,sm12556756,2.6667,3.3333,1.0,1.0,1.3333,3.6667,-0.3333,1.0
292,sm9854305,2.3333,2.0,2.6667,3.0,2.0,1.3333,1.0,-0.6667
293,sm13933448,1.6667,2.0,3.0,1.6667,2.3333,2.0,-0.6667,-0.6667
294,sm16079453,4.0,3.6667,1.3333,3.0,3.6667,3.0,1.0,1.3333
295,sm7400854,2.3333,2.3333,3.3333,3.0,3.0,1.6667,0.6667,-0.3333
296,sm16007598,4.0,3.0,3.0,3.6667,3.0,3.0,0.3333,0.0
297,sm13667717,2.6667,2.6667,2.3333,2.6667,5.0,2.6667,-0.3333,1.0
298,sm11270299,2.3333,2.6667,3.0,2.3333,2.6667,2.6667,0.3333,0.3333
299,sm17213446,4.3333,4.6667,1.3333,3.0,3.6667,5.0,-0.6667,2.0
300,sm2577615,3.6667,2.0,1.0,4.6667,4.0,1.6667,1.3333,0.6667
301,sm15719556,3.6667,3.6667,1.6667,1.3333,3.3333,4.3333,0.0,1.6667
302,sm3279352,4.3333,4.6667,1.6667,2.0,5.0,4.6667,0.0,1.6667
303,sm15242659,3.6667,4.3333,2.0,3.3333,2.6667,3.6667,0.3333,1.3333
304,sm5563391,3.6667,2.3333,3.3333,4.0,1.3333,1.3333,1.3333,-0.3333
305,sm4740727,4.0,4.3333,1.0,2.6667,3.6667,4.3333,0.3333,1.3333
306,sm12253877,1.3333,1.6667,3.3333,1.6667,1.3333,2.0,-0.6667,-0.3333
307,sm3372198,3.0,2.3333,2.6667,2.6667,1.0,1.6667,1.0,0.3333
308,sm16387915,2.0,1.0,4.0,3.3333,1.0,1.0,0.3333,-1.0
309,sm5601322,3.3333,2.3333,1.3333,3.6667,5.0,2.0,1.3333,0.3333
310,sm7612037,2.6667,3.3333,4.0,1.6667,2.0,2.3333,-1.0,0.6667
311,sm14704133,3.6667,4.0,1.0,3.3333,4.6667,2.6667,0.3333,1.0
312,sm4387562,2.6667,3.3333,2.6667,1.6667,2.0,2.3333,-0.6667,0.6667
313,sm5085658,3.3333,3.3333,2.6667,1.0,1.0,3.6667,-1.0,0.0
314,sm14849770,3.3333,1.0,2.6667,4.6667,3.6667,1.0,2.0,-0.3333
315,sm15354560,2.6667,3.0,2.0,1.0,3.3333,3.3333,-0.3333,0.6667
316,sm14178212,3.0,2.6667,2.6667,2.0,2.6667,3.0,0.0,0.6667
317,sm10533832,1.6667,1.3333,2.6667,2.0,2.0,1.3333,-0.3333,-1.0
318,sm14340959,2.6667,4.3333,1.0,2.0,3.3333,5.0,-0.3333,1.6667
319,sm16065869,2.3333,4.0,2.6667,2.0,2.3333,4.0,-1.3333,0.3333
320,sm7078981,4.3333,4.3333,2.0,3.6667,4.0,4.3333,0.3333,1.3333
321,sm8432098,2.3333,1.6667,3.6667,3.0,3.6667,1.0,1.3333,-0.3333
322,sm8098660,2.3333,1.0,4.3333,4.6667,2.3333,1.0,1.6667,-1.6667
323,sm8451973,3.3333,3.6667,1.3333,1.6667,3.3333,4.3333,0.0,1.3333
324,sm8091446,3.0,2.0,3.3333,4.0,4.3333,1.6667,1.3333,-1.0
325,sm16825773,3.6667,2.3333,2.0,4.0,3.6667,1.6667,1.3333,0.0
326,sm3060283,2.6667,4.0,1.6667,1.3333,1.6667,3.3333,-1.0,1.0
327,sm2519176,2.0,2.0,3.6667,2.0,2.0,1.0,-1.3333,-1.0
328,sm8163888,3.0,3.6667,2.0,2.6667,3.3333,4.0,0.0,1.3333
329,sm5332638,3.3333,3.3333,1.6667,3.6667,2.0,2.0,1.0,0.0
330,sm16707821,3.3333,3.0,3.3333,1.6667,3.3333,3.6667,-0.3333,0.3333
331,sm16913043,3.0,2.3333,2.6667,2.3333,2.6667,1.6667,1.0,-0.3333
332,sm11398357,3.6667,2.6667,3.0,3.6667,2.6667,2.0,1.3333,-0.3333
333,sm12264707,1.6667,2.0,3.0,2.3333,2.0,1.6667,0.0,-1.0
334,sm15825105,2.6667,3.0,2.0,2.6667,5.0,1.0,0.3333,0.0
335,sm6119553,1.6667,1.3333,4.3333,2.3333,2.0,2.3333,-1.0,-1.3333
336,sm14270346,3.0,1.3333,4.3333,3.0,1.0,1.6667,0.6667,-1.3333
337,sm14679230,4.0,4.3333,1.0,3.0,3.0,3.3333,0.3333,1.6667
338,sm15933955,3.0,3.3333,3.3333,1.0,2.6667,4.3333,-1.0,0.0
339,sm10219141,1.6667,1.6667,4.0,3.6667,3.6667,2.6667,0.6667,-1.3333
340,sm12875825,1.6667,1.3333,3.6667,2.3333,3.0,1.3333,-1.3333,-1.6667
341,sm16352396,2.3333,1.0,5.0,3.6667,1.0,1.6667,1.3333,-1.3333
342,sm13877207,3.6667,4.3333,1.3333,1.3333,3.3333,4.0,-0.3333,1.0
343,sm6137627,3.0,4.0,1.3333,1.3333,2.0,4.3333,-0.3333,1.0
344,sm7597329,3.6667,4.6667,1.6667,1.6667,2.0,4.3333,0.0,2.0
345,sm12648576,2.6667,2.0,2.6667,3.0,2.6667,2.6667,1.0,0.0
346,sm2408207,2.6667,2.6667,3.6667,2.3333,2.0,4.0,-0.6667,0.0
347,sm9682775,3.6667,2.0,4.0,4.3333,2.3333,2.0,1.6667,-0.3333
348,sm17112691,4.3333,4.0,3.0,2.3333,2.3333,3.6667,0.3333,0.3333
349,sm8933166,3.3333,3.6667,2.0,1.6667,4.3333,4.0,-0.3333,1.0
350,sm13355870,2.6667,2.0,1.0,4.6667,1.6667,2.0,1.6667,0.6667
351,sm8619149,3.6667,3.0,1.6667,3.0,4.6667,2.6667,0.3333,1.0
352,sm5296638,2.0,2.3333,3.6667,3.6667,3.3333,1.0,0.6667,-1.0
353,sm5281569,3.0,2.0,3.0,2.6667,2.0,2.0,-0.6667,-0.3333
354,sm16772333,4.3333,4.3333,1.0,2.0,2.6667,4.3333,0.0,1.6667
355,sm13906236,3.6667,4.0,1.3333,3.0,4.0,4.3333,0.6667,1.6667
356,sm8738313,3.6667,3.3333,1.6667,1.6667,2.0,3.3333,0.3333,1.0
357,sm14934781,2.3333,2.3333,2.6667,4.3333,3.6667,2.6667,0.6667,0.0
358,sm15719565,2.6667,2.6667,3.3333,4.0,2.6667,3.3333,0.0,0.0
359,sm12581573,2.6667,2.3333,3.0,2.0,4.0,2.0,-0.3333,0.3333
360,sm11641089,3.6667,3.6667,1.0,2.0,2.6667,3.0,1.0,1.3333
361,sm3197958,3.0,3.3333,2.3333,4.0,2.6667,2.0,0.3333,0.6667
362,sm14535451,4.3333,5.0,1.0,3.3333,3.6667,4.6667,0.3333,2.0
363,sm8468717,2.3333,2.6667,1.3333,3.3333,5.0,2.3333,1.3333,0.6667
364,sm5168173,4.3333,4.6667,1.3333,2.0,4.3333,5.0,0.3333,2.0
365,sm7811586,2.6667,1.6667,4.6667,3.3333,3.0,1.0,0.6667,-1.3333
366,sm16734827,2.3333,2.3333,3.0,2.0,1.6667,2.3333,-0.6667,0.0
367,sm13975932,2.3333,2.0,3.3333,1.3333,1.0,2.3333,-0.6667,-0.3333
368,sm16229812,2.3333,2.0,2.6667,2.3333,1.3333,2.0,-0.3333,-0.3333
369,sm11589161,2.6667,3.0,2.0,2.0,2.0,2.3333,-1.0,0.3333
370,sm11714132,4.6667,4.6667,1.0,1.6667,2.6667,3.6667,0.0,1.6667
371,sm11760748,2.6667,2.0,3.6667,3.3333,2.6667,1.6667,-0.3333,-1.0
372,sm16493013,4.0,3.0,1.6667,4.3333,4.0,3.3333,1.6667,0.3333
373,sm14926860,3.6667,3.0,2.3333,2.0,4.3333,1.3333,-1.0,0.3333
374,sm17147346,2.6667,3.0,3.3333,2.3333,1.0,3.6667,-1.3333,0.3333
375,sm5486732,2.0,1.6667,4.0,3.3333,2.3333,2.0,1.0,-1.0
376,nm13287759,1.0,1.0,1.0,1.0,1.0,1.0,0.0,0.0
377,sm12355109,3.0,2.6667,3.3333,2.3333,2.6667,2.3333,-0.3333,-0.6667
378,sm12671927,2.6667,2.0,4.0,1.6667,2.0,4.0,-1.0,0.0
379,sm2758851,3.3333,4.6667,1.0,1.0,4.3333,4.3333,-0.3333,1.6667
380,sm14129888,3.3333,2.3333,3.3333,3.6667,2.3333,2.3333,0.3333,-0.3333
381,sm9213450,4.3333,3.0,3.6667,3.0,4.6667,1.6667,0.3333,0.0
382,sm10971662,2.6667,3.3333,1.6667,1.3333,1.0,2.6667,-1.0,0.3333
383,sm14162938,3.0,3.3333,2.3333,1.0,1.3333,3.6667,0.0,1.3333
384,sm15853580,3.3333,2.3333,3.0,3.0,2.6667,1.6667,0.6667,-0.3333
385,sm16238717,3.6667,2.0,3.3333,4.0,3.6667,2.0,1.0,-0.3333
386,sm8670561,4.0,4.0,1.0,3.0,3.3333,3.3333,0.0,1.0
387,sm14026396,1.6667,1.3333,4.3333,1.6667,2.3333,2.6667,-0.3333,-1.0
388,sm13306896,4.0,3.0,3.6667,2.3333,3.6667,2.0,0.6667,-0.6667
389,sm8754973,2.3333,3.6667,2.3333,1.0,2.0,4.3333,-1.6667,0.6667
390,sm12864126,2.6667,1.3333,4.3333,3.6667,2.0,1.6667,1.0,-1.3333
391,sm10446708,2.6667,3.3333,3.0,2.3333,2.0,2.3333,0.3333,0.3333
392,sm7382586,3.0,2.3333,2.6667,1.0,4.3333,3.3333,-0.6667,1.0
393,sm11398259,2.0,2.6667,4.6667,2.0,1.0,4.0,-1.3333,-1.3333
394,sm16769854,2.0,1.0,3.6667,3.0,2.3333,1.0,1.3333,-1.3333
395,sm5717613,1.0,1.0,4.0,1.6667,4.0,1.0,-1.0,-1.6667
396,sm16641667,1.0,1.0,1.0,1.0,1.0,1.0,0.0,0.0
397,sm16588541,2.6667,2.3333,3.0,2.6667,2.0,2.0,0.6667,-0.6667
398,sm15696369,4.0,4.6667,1.6667,2.0,2.0,3.6667,0.3333,1.0
399,sm7882150,4.0,3.0,3.0,3.3333,2.6667,3.0,1.0,0.0
400,sm8265929,2.6667,2.0,4.3333,2.0,2.3333,2.0,0.6667,-1.0
401,sm17067188,1.6667,1.6667,3.6667,1.3333,2.0,2.6667,-1.6667,-0.6667
402,sm15751190,2.6667,2.6667,3.3333,2.3333,2.3333,2.0,0.0,0.0
403,sm1459286,2.3333,2.3333,1.0,1.0,5.0,4.0,-0.3333,1.0
404,sm7400945,2.0,2.3333,3.3333,2.3333,2.6667,2.0,-1.3333,-1.0
405,sm14641461,3.3333,1.0,5.0,4.6667,1.3333,1.6667,1.3333,-2.0
406,sm8119054,2.3333,2.0,2.0,3.3333,3.0,2.3333,1.3333,0.0
407,sm15522536,3.0,3.6667,2.3333,2.0,2.6667,3.6667,-0.6667,0.6667
408,sm5870324,3.3333,2.6667,2.0,3.3333,2.6667,2.6667,0.3333,0.0
409,sm9022413,2.0,2.3333,4.3333,1.3333,3.3333,2.6667,-2.0,-1.0
410,sm3636268,3.3333,3.3333,1.6667,1.6667,1.3333,3.0,0.3333,1.0
411,sm2039810,3.0,1.0,3.6667,4.3333,2.0,1.0,1.6667,-0.6667
412,sm16681219,2.6667,3.0,2.0,2.0,4.3333,1.3333,0.0,0.0
413,sm10175368,2.6667,1.3333,4.0,3.6667,2.0,1.6667,0.3333,-1.0
414,sm13304052,3.6667,3.0,3.6667,3.3333,4.6667,2.3333,0.6667,0.0
415,sm11849610,2.6667,2.6667,1.3333,2.6667,2.3333,1.3333,0.0,0.3333
416,sm16076097,3.6667,3.3333,2.6667,2.0,1.6667,2.3333,0.0,1.3333
417,sm13991340,2.3333,2.6667,3.0,1.6667,1.0,3.6667,-1.0,0.6667
418,sm15147135,3.0,3.6667,1.3333,4.3333,3.0,1.3333,1.3333,0.6667
419,sm11294837,2.6667,1.6667,4.3333,3.0,2.3333,1.6667,1.0,-1.3333
420,sm15279074,4.0,4.6667,1.0,2.3333,1.6667,4.0,0.3333,1.6667
421,sm12365006,3.6667,4.3333,1.0,1.6667,3.0,3.6667,-0.3333,1.3333
422,sm15987636,2.0,1.3333,4.0,4.0,2.0,1.0,0.0,-1.3333
423,sm15474540,3.3333,3.0,3.0,2.0,2.6667,4.3333,1.0,0.6667
424,sm9797544,2.3333,2.6667,3.0,2.0,3.6667,1.6667,-0.6667,-1.0
425,sm8700898,3.3333,3.6667,1.6667,1.0,4.6667,2.3333,0.0,1.0
426,sm11407152,2.3333,2.0,3.3333,2.6667,1.3333,2.0,0.0,0.3333
427,sm11240351,3.6667,4.6667,1.6667,2.0,2.0,4.3333,0.3333,1.3333
428,sm7504739,4.6667,2.6667,3.6667,3.6667,2.0,2.0,1.0,-1.0
429,sm4189459,4.0,4.6667,1.0,2.6667,3.3333,3.6667,-0.3333,2.0
430,sm5114973,3.6667,3.0,3.3333,4.6667,4.3333,2.6667,1.3333,0.0
431,sm10820620,3.0,4.6667,2.0,1.6667,1.0,3.6667,0.3333,1.0
432,sm16768902,4.3333,5.0,1.0,4.3333,5.0,4.0,0.0,1.6667
433,sm7354057,2.3333,2.0,4.0,3.0,4.0,3.3333,-0.6667,0.6667
434,sm12090023,1.6667,1.3333,4.0,2.6667,1.3333,1.6667,1.0,-1.0
435,sm10037227,1.3333,1.0,5.0,3.0,1.3333,1.0,0.3333,-1.6667
436,sm12396792,3.0,2.3333,3.3333,3.3333,1.6667,1.6667,1.0,-1.0
437,sm9439204,1.6667,1.0,4.0,1.6667,2.3333,2.0,-1.3333,-0.6667
438,sm10659443,3.0,4.0,2.3333,2.0,2.3333,4.3333,-1.0,1.0
439,sm12718205,2.3333,3.3333,2.6667,1.6667,2.0,3.3333,-0.3333,1.0
440,sm17202463,1.0,1.0,4.3333,1.6667,1.3333,1.6667,-1.6667,-1.3333
441,sm17457529,2.3333,3.3333,1.6667,1.6667,3.6667,2.0,0.0,1.0
442,sm13688764,2.0,3.0,3.6667,1.6667,2.3333,4.3333,0.0,0.3333
443,sm14637044,2.3333,1.0,3.6667,3.6667,2.0,1.0,1.0,-1.6667
444,sm8661117,4.0,3.3333,2.6667,3.6667,4.0,2.6667,0.6667,0.3333
445,sm3045725,2.6667,2.6667,3.6667,2.3333,2.6667,3.0,0.6667,0.6667
446,sm9128830,3.3333,3.0,2.3333,3.0,3.6667,2.6667,0.3333,0.6667
447,sm6865106,3.6667,4.0,3.0,2.3333,4.3333,2.6667,-0.6667,-0.3333
448,sm4669648,2.0,1.3333,4.3333,2.3333,3.3333,1.0,1.0,-2.0
449,sm7476730,1.6667,1.3333,4.3333,1.3333,2.0,2.0,-0.6667,-1.3333
450,sm10027079,1.6667,1.0,3.3333,3.0,4.6667,1.0,-0.3333,-0.6667
451,sm12177762,4.0,3.6667,1.3333,3.3333,4.3333,3.6667,0.6667,1.3333
452,sm14829786,2.6667,3.3333,2.6667,2.3333,3.0,4.6667,-0.3333,1.6667
453,sm10907267,3.6667,2.0,2.6667,3.0,4.0,2.6667,-0.6667,0.0
454,sm6991834,4.3333,4.3333,1.3333,3.0,3.6667,4.3333,0.6667,1.6667
455,sm1718025,1.3333,2.6667,1.6667,1.0,4.3333,2.3333,-0.6667,0.0
456,sm14662292,3.0,1.6667,1.6667,2.3333,3.6667,1.0,0.3333,0.0
457,sm15044727,2.6667,1.6667,4.0,4.0,2.0,2.0,1.3333,-1.3333
458,sm14700702,2.0,3.0,3.0,2.3333,2.0,4.0,-1.0,0.6667
459,sm11252628,1.6667,1.6667,3.0,2.0,3.3333,2.3333,0.0,-0.3333
460,sm14023769,3.0,2.6667,1.0,1.3333,5.0,3.6667,0.0,0.6667
461,sm11146117,2.6667,2.0,2.6667,4.6667,2.6667,1.0,1.6667,-0.6667
462,sm16735237,1.3333,1.3333,3.6667,2.3333,1.6667,1.3333,-0.3333,-0.6667
463,sm8326494,1.6667,1.6667,4.3333,1.0,1.6667,1.6667,-1.0,-1.3333
464,sm12616812,3.3333,4.3333,4.0,1.0,2.0,4.6667,0.0,-0.3333
465,sm12412526,3.3333,3.0,1.6667,1.6667,3.0,3.6667,0.0,1.3333
466,sm15350132,2.6667,3.0,1.6667,1.6667,3.3333,2.3333,-0.6667,0.0
467,sm17142789,4.3333,5.0,1.0,1.6667,2.0,3.0,0.6667,1.6667
468,sm10543519,4.0,4.3333,2.0,1.3333,2.0,4.3333,0.0,1.6667
469,sm15815944,3.3333,3.6667,1.6667,2.0,2.6667,2.6667,0.0,0.0
470,sm15686051,4.0,4.3333,2.3333,3.3333,3.3333,3.6667,0.3333,1.0
471,sm16049992,3.3333,4.6667,3.3333,2.3333,2.0,4.6667,0.6667,1.6667
472,sm9093561,2.3333,2.0,3.0,3.6667,4.6667,1.3333,1.3333,-0.3333
473,sm13660306,2.3333,2.6667,3.6667,1.6667,1.3333,3.3333,-0.3333,0.0
474,sm10445286,3.0,2.3333,4.6667,3.3333,1.6667,1.0,0.3333,-1.3333
475,sm15922203,2.6667,2.0,3.0,2.6667,1.3333,1.0,-0.3333,-0.3333
476,sm3419490,1.0,1.0,1.0,1.0,1.0,1.0,0.0,0.0
477,sm8529991,1.6667,1.6667,4.3333,3.0,2.3333,1.0,0.3333,-1.3333
478,sm13743929,2.0,1.0,4.0,2.0,2.6667,1.3333,-0.6667,-0.6667
479,sm3698889,2.0,1.0,4.0,2.0,3.3333,2.0,-0.6667,-1.0
480,sm11964950,2.0,1.0,3.6667,3.3333,2.6667,1.6667,1.0,-1.0
481,sm15800552,3.3333,4.0,4.0,3.0,3.3333,2.6667,-1.0,0.6667
482,sm17228726,2.3333,2.6667,3.0,3.0,1.6667,2.0,0.0,-0.3333
483,sm5657281,2.6667,2.0,2.3333,4.6667,3.0,1.6667,1.6667,0.6667
484,sm7992704,3.3333,2.0,4.0,3.3333,2.6667,2.0,1.0,-1.0
485,sm7093221,3.6667,3.3333,1.6667,1.6667,3.3333,3.0,-0.6667,1.0
486,sm2533949,2.6667,4.0,2.0,2.0,3.3333,3.3333,-0.6667,1.0
487,sm7792239,2.3333,2.0,4.6667,1.6667,2.0,1.6667,-1.3333,-1.3333
488,nm12177206,1.3333,1.6667,1.0,1.6667,1.0,1.3333,0.0,0.0
489,sm4611428,4.0,4.3333,1.0,1.6667,4.6667,4.0,0.0,2.0
490,sm2096153,2.0,3.0,1.0,1.6667,5.0,2.6667,-0.3333,1.3333
491,sm13269029,2.6667,2.0,4.0,2.6667,1.6667,1.3333,0.0,-1.0
492,sm4459566,4.0,5.0,1.0,1.6667,3.0,3.6667,0.3333,1.6667
493,sm13828417,2.6667,3.0,2.0,1.6667,3.3333,3.0,-0.3333,0.6667
494,sm4917069,3.0,2.6667,3.3333,2.6667,2.3333,2.6667,-1.0,-0.6667
495,sm6677536,2.3333,2.0,4.0,3.6667,1.0,3.0,0.3333,-0.6667
496,sm10713103,3.6667,4.0,2.0,1.0,1.3333,4.6667,-0.3333,1.0
497,sm17213108,3.6667,4.3333,3.0,1.6667,2.0,4.0,-1.3333,1.0
498,sm15493390,4.0,4.3333,1.3333,2.6667,4.3333,4.6667,1.0,1.6667
499,sm15676851,4.0,4.3333,1.6667,1.3333,2.0,4.6667,-0.3333,1.3333
500,sm6677536,2.5,2.25,3.0,2.75,1.75,3.0,0.25,-0.5
501,sm17228726,1.5,2.5,2.75,3.0,2.0,1.5,-0.25,0.0
502,sm17067188,1.75,3.0,2.25,1.0,2.75,3.5,-1.0,0.25
503,sm14989713,3.25,3.5,3.75,1.5,2.5,3.0,-1.0,0.25
504,sm9213450,2.5,2.0,3.75,3.0,2.5,1.5,0.25,0.25
505,sm12412526,3.75,3.75,1.75,1.5,2.5,2.5,-0.5,0.75
506,sm13660306,3.25,2.75,2.0,1.75,2.5,3.25,-0.25,0.5
507,sm4775983,3.5,3.75,1.5,2.75,3.0,2.25,0.5,0.5
508,sm6727398,1.75,2.0,2.25,1.75,2.75,2.0,-0.75,0.25
509,sm13991340,2.5,3.25,3.0,1.25,1.75,3.5,-1.5,0.0
510,sm5513850,3.0,3.0,1.5,3.75,2.5,2.25,0.25,1.0
511,sm16229812,3.75,4.0,3.0,3.0,1.5,3.25,0.25,0.5
512,sm14662292,1.6667,2.6667,1.3333,3.0,3.3333,2.0,1.0,1.0
513,sm12581573,2.3333,3.0,3.0,3.0,3.3333,2.6667,-0.3333,1.0
514,sm5332638,4.3333,4.3333,2.3333,3.3333,3.3333,2.6667,1.0,1.3333
515,sm12957824,4.0,4.3333,1.3333,2.6667,2.3333,4.3333,0.0,1.3333
516,sm11240351,4.0,4.3333,1.0,2.0,2.0,4.6667,-0.3333,1.6667
517,sm3045725,4.0,4.6667,1.0,2.0,2.0,2.0,0.6667,1.6667
518,sm8265929,3.3333,2.3333,2.3333,3.6667,1.6667,2.3333,1.6667,0.3333
519,sm14340959,2.6667,3.6667,1.3333,1.6667,2.3333,4.0,0.0,1.3333
520,sm15354560,3.6667,3.3333,1.0,1.3333,2.6667,3.3333,0.0,1.3333
521,sm10628168,2.6667,2.6667,4.0,4.3333,1.3333,1.0,2.0,-1.3333
522,sm5486732,3.6667,2.3333,3.6667,4.0,1.6667,1.6667,1.6667,-0.3333
523,sm14188383,3.0,2.3333,2.3333,1.6667,3.6667,1.6667,-0.3333,0.0
524,sm7402532,3.3333,3.0,3.0,2.6667,2.0,3.0,0.3333,0.6667
525,sm12929188,3.6667,2.0,4.6667,3.0,3.6667,1.0,-0.6667,0.3333
526,sm16049992,3.6667,3.3333,2.3333,2.0,2.0,3.0,0.0,1.0
527,sm17202463,3.0,3.3333,3.3333,1.0,2.0,3.0,-1.0,-0.6667
528,sm15099538,2.6667,2.6667,2.3333,1.6667,2.6667,2.3333,-0.3333,0.6667
529,sm8414715,4.6667,5.0,1.6667,2.6667,2.6667,4.0,0.0,1.3333
530,sm4917069,3.6667,3.3333,3.3333,2.0,2.3333,3.3333,-0.3333,-0.3333
531,sm12718205,3.6667,4.0,1.0,1.3333,2.6667,4.0,0.3333,1.6667
532,sm7527985,1.3333,3.0,3.3333,1.0,1.0,1.0,-1.6667,-0.3333
533,sm14829786,3.3333,3.0,3.0,3.3333,1.0,2.3333,0.3333,0.6667
534,sm9409012,4.0,4.0,1.3333,1.3333,1.0,2.6667,0.0,0.6667
535,sm10868543,4.0,4.6667,1.0,1.6667,2.0,4.3333,0.0,2.0
536,sm15696369,4.0,4.3333,1.0,2.3333,2.0,3.3333,0.0,1.6667
537,sm16070272,4.3333,3.3333,3.0,3.6667,2.6667,1.3333,1.3333,1.0
538,sm10445286,3.3333,3.6667,2.3333,4.0,2.3333,2.3333,0.6667,0.6667
539,sm16253955,4.0,3.0,2.0,3.3333,2.0,2.0,1.0,0.3333
540,sm14270346,2.3333,1.3333,4.0,3.0,2.0,2.0,0.3333,-0.3333
541,sm11049254,2.6667,3.6667,1.0,1.3333,3.6667,4.3333,-0.6667,1.6667
542,sm10713103,3.3333,3.6667,2.6667,1.6667,1.3333,4.0,-0.6667,0.6667
543,nm13287759,1.0,1.0,1.0,1.0,1.0,1.0,0.0,0.0
544,sm15714327,4.3333,3.6667,3.0,3.6667,1.3333,1.0,0.6667,0.0
545,sm10443985,4.3333,5.0,1.0,2.6667,4.6667,4.6667,0.6667,1.6667
546,sm2013783,2.6667,2.3333,1.0,2.3333,3.0,2.0,0.6667,1.0
547,sm14904005,3.3333,3.6667,1.3333,3.0,1.0,1.6667,1.0,1.3333
548,sm9168029,4.0,4.6667,1.0,1.0,4.0,4.0,0.0,1.0
549,sm6030356,1.3333,1.3333,4.3333,2.0,3.3333,1.3333,-0.6667,-1.3333
550,sm14605161,3.0,3.0,2.6667,3.3333,2.0,1.6667,0.6667,0.3333
551,sm16559290,4.0,4.3333,1.6667,2.3333,4.6667,3.6667,0.6667,1.3333
552,sm11407152,3.3333,3.6667,2.0,2.6667,1.0,1.6667,0.6667,1.3333
553,sm5137683,4.0,3.6667,2.3333,3.6667,1.3333,2.6667,1.0,-0.3333
554,sm17112691,2.3333,3.6667,2.0,1.6667,2.0,3.3333,-1.0,0.0
555,sm12253877,2.3333,2.0,4.0,1.0,2.0,2.3333,-1.6667,0.3333
556,sm11086161,3.6667,3.3333,3.0,2.6667,2.0,2.3333,1.3333,-0.6667
557,sm14535451,3.0,2.6667,1.6667,2.0,3.0,3.0,0.3333,1.0
558,sm16201802,3.6667,3.6667,2.3333,2.3333,2.3333,3.3333,-0.6667,0.3333
559,sm2519176,3.6667,3.3333,1.3333,2.6667,2.0,2.0,0.3333,1.0
560,sm11139657,2.3333,2.0,3.3333,2.0,2.0,1.3333,-0.6667,0.3333
561,sm3279352,3.6667,3.6667,1.0,2.6667,4.6667,3.0,1.3333,1.3333
562,sm16137694,4.3333,4.6667,2.0,2.3333,2.3333,4.6667,0.3333,1.6667
563,sm9128830,3.0,3.3333,1.6667,2.0,2.3333,1.6667,0.6667,0.6667
564,sm15987636,4.3333,3.3333,3.0,3.0,3.3333,1.3333,1.0,0.0
565,sm10219141,2.6667,3.0,3.0,3.3333,3.3333,2.0,0.6667,0.3333
566,sm3197958,3.6667,4.0,1.6667,3.0,2.3333,1.3333,0.3333,0.6667
567,sm15207451,3.3333,3.6667,2.3333,2.3333,3.0,4.3333,0.3333,1.0
568,sm7891168,3.0,1.3333,3.6667,4.0,3.3333,1.3333,1.3333,-0.6667
569,sm5332327,2.0,1.3333,3.3333,2.0,1.3333,1.3333,-1.0,-0.3333
570,sm12396792,3.3333,3.0,3.0,3.6667,1.0,1.3333,1.3333,-0.6667
571,sm14606732,4.0,3.0,3.0,3.6667,4.3333,1.6667,1.6667,-0.3333
572,sm1884912,3.3333,4.3333,1.6667,2.0,3.6667,2.6667,0.0,1.3333
573,sm11165729,4.6667,4.0,2.3333,2.6667,3.6667,3.3333,1.0,0.6667
574,sm10385393,3.0,3.0,2.0,2.3333,2.0,1.0,0.6667,0.3333
575,sm16352396,2.6667,2.0,4.0,3.0,2.0,2.3333,-0.3333,-0.6667
576,sm16681219,3.3333,3.3333,2.0,1.3333,4.3333,3.3333,-0.6667,1.0
577,sm4611149,1.3333,2.3333,4.0,2.3333,3.0,2.0,-1.6667,-0.6667
578,sm4387562,3.0,3.6667,1.3333,1.0,1.6667,1.6667,-1.0,0.6667
579,sm7681611,3.0,2.3333,2.0,2.3333,4.3333,2.0,-1.0,0.6667
580,sm5296638,2.3333,2.3333,3.6667,4.0,2.0,1.0,1.0,-0.6667
581,sm15572522,3.3333,3.3333,2.6667,4.0,2.0,1.6667,0.6667,0.0
582,sm10446457,4.0,4.3333,1.6667,2.3333,3.6667,4.0,0.3333,1.3333
583,sm16079453,4.0,4.0,1.3333,3.0,4.0,3.0,-0.3333,1.0
584,sm8937853,2.3333,2.0,3.0,3.6667,2.3333,1.6667,0.6667,-0.3333
585,sm16844849,1.3333,3.0,4.0,1.0,1.3333,3.6667,-1.3333,0.0
586,sm10037227,3.3333,2.3333,4.0,4.6667,2.0,1.0,1.6667,-1.0
587,sm8707393,3.3333,4.0,1.0,2.0,3.6667,4.0,-0.3333,1.6667
588,sm16833058,4.6667,4.6667,2.0,3.6667,4.0,4.6667,-0.3333,1.6667
589,sm12041264,3.6667,3.3333,2.6667,4.0,1.6667,1.0,1.3333,1.0
590,sm5281569,3.0,2.6667,2.3333,3.0,1.6667,1.3333,-0.3333,-0.3333
591,sm12183265,2.3333,2.6667,3.0,1.0,2.0,2.0,-0.3333,-1.0
592,sm14849770,2.6667,2.0,1.3333,3.6667,2.6667,1.3333,1.6667,0.0
593,sm12835874,3.6667,4.6667,1.3333,2.6667,1.6667,2.6667,0.6667,1.6667
594,sm9439204,1.6667,2.0,4.0,1.6667,2.0,2.0,-0.6667,-0.6667
595,sm15522291,3.3333,3.3333,1.0,3.0,2.6667,3.0,-0.3333,1.0
596,sm15470588,4.3333,4.6667,1.0,3.0,3.0,3.3333,1.0,1.6667
597,sm14641461,1.6667,1.0,4.6667,4.0,1.6667,1.6667,0.0,-1.0
598,sm12671927,2.6667,2.6667,3.0,2.6667,2.0,2.3333,-1.0,-0.6667
599,sm15741427,3.6667,3.6667,1.6667,2.3333,3.6667,3.6667,0.3333,1.6667
600,sm14926860,3.6667,3.0,2.6667,2.6667,2.3333,1.3333,0.6667,0.0
601,sm6165498,3.6667,3.3333,3.6667,3.0,3.0,4.0,0.3333,0.6667
602,sm4459566,3.6667,4.6667,1.0,1.3333,3.3333,4.0,-0.3333,1.6667
603,sm16980824,5.0,3.6667,3.6667,3.6667,2.0,1.3333,1.6667,0.3333
604,sm12990765,3.0,3.0,1.6667,2.3333,4.3333,2.3333,0.0,-0.6667
605,sm8699900,4.3333,2.6667,1.6667,3.3333,3.3333,2.3333,1.0,1.3333
606,sm16387915,4.6667,3.6667,3.6667,4.0,1.6667,1.6667,1.6667,0.6667
607,sm16707821,2.6667,2.3333,2.6667,2.6667,2.0,1.6667,0.6667,0.3333
608,sm6448701,3.6667,4.3333,1.3333,2.3333,2.0,3.6667,0.0,1.3333
609,sm15318436,4.0,3.0,2.6667,3.0,3.0,1.0,-0.3333,0.0
610,sm12875825,1.6667,1.6667,3.6667,2.3333,3.3333,3.3333,-0.6667,-1.0
611,sm17191781,3.6667,3.3333,1.3333,3.3333,2.3333,1.6667,0.6667,0.6667
612,sm15361114,4.0,2.0,3.6667,4.0,4.0,2.3333,1.3333,-0.6667
613,sm3032672,1.0,1.0,4.3333,1.0,2.0,1.0,-0.6667,-1.6667
614,sm3698889,2.3333,2.0,3.6667,1.3333,2.0,1.6667,-1.3333,-1.0
615,sm7882150,5.0,4.0,2.3333,3.6667,2.0,2.6667,1.0,1.0
616,sm16641667,1.0,1.0,1.0,1.0,1.0,1.0,0.0,0.0
617,sm15942116,3.3333,3.3333,3.0,2.3333,2.6667,3.3333,0.0,0.0
618,sm9797544,3.3333,3.6667,1.3333,2.0,3.3333,3.6667,-0.6667,0.3333
619,sm6753213,3.3333,3.0,2.6667,3.3333,3.0,2.3333,1.3333,0.0
620,sm3971759,1.6667,2.3333,2.6667,1.0,4.6667,1.6667,-1.3333,0.0
621,sm4554935,3.0,4.0,1.6667,1.0,3.6667,4.3333,-1.3333,1.6667
622,sm9100218,2.3333,3.0,3.0,2.3333,3.0,2.3333,-1.3333,-0.3333
623,sm14637044,3.0,1.3333,3.3333,4.0,3.6667,1.0,1.0,-1.0
624,sm16187258,4.6667,4.0,1.6667,4.0,2.6667,1.3333,1.3333,0.3333
625,sm10066433,2.3333,2.6667,3.6667,1.3333,2.3333,2.0,-0.6667,-0.3333
626,sm16007598,3.6667,3.0,2.6667,4.0,1.3333,3.6667,1.0,0.0
627,sm16366329,3.3333,4.3333,2.3333,2.3333,2.0,4.0,0.0,1.0
628,sm11244099,3.3333,2.0,3.3333,1.6667,2.3333,1.6667,-0.6667,-0.6667
629,sm10971662,1.6667,2.6667,3.3333,1.3333,2.0,3.3333,-1.6667,1.0
630,sm13933448,2.6667,2.0,2.6667,2.0,2.3333,2.0,-0.6667,0.0
631,sm11970630,3.3333,4.3333,1.6667,1.3333,3.0,3.0,0.6667,0.6667
632,sm13975932,2.6667,3.0,2.0,1.6667,2.6667,3.6667,-1.6667,-0.3333
633,sm5657281,4.3333,1.6667,3.3333,3.6667,2.3333,1.6667,1.3333,0.0
634,sm1418287,2.3333,2.6667,3.6667,1.0,1.6667,3.3333,-1.0,-0.6667
635,sm7897854,3.0,2.6667,4.0,3.6667,3.3333,2.0,1.0,0.6667
636,sm8754973,2.0,2.0,3.6667,1.0,1.0,3.3333,-1.0,-0.3333
637,sm15980251,3.3333,3.6667,2.0,1.3333,4.3333,2.6667,-1.0,0.6667
638,sm17015301,2.3333,3.0,1.6667,1.3333,2.0,2.0,0.0,0.6667
639,sm13355870,3.0,2.0,2.6667,2.3333,1.6667,1.3333,0.3333,0.0
640,sm13283978,3.6667,3.0,1.6667,2.3333,1.0,1.0,0.6667,0.0
641,sm9093561,3.0,2.3333,3.3333,4.0,3.0,2.0,1.0,0.0
642,sm16913043,3.6667,2.6667,2.6667,2.6667,3.0,2.6667,0.0,0.0
643,sm13361994,3.3333,3.3333,2.0,2.3333,2.3333,3.6667,0.6667,1.3333
644,sm15686024,3.3333,3.6667,2.3333,1.3333,3.0,4.0,0.6667,0.6667
645,sm6627628,2.6667,2.6667,2.6667,3.3333,4.0,2.6667,-0.6667,-0.3333
646,sm3950088,3.0,3.3333,2.0,1.6667,2.6667,2.3333,0.0,0.6667
647,sm8933166,4.3333,4.6667,1.0,1.6667,4.3333,4.3333,0.0,1.6667
648,sm13304052,3.6667,3.3333,3.0,3.6667,3.6667,3.0,1.0,0.0
649,sm14178212,3.0,3.3333,3.3333,2.3333,2.3333,2.6667,0.3333,0.0
650,sm8326494,3.0,2.6667,3.6667,2.3333,1.3333,1.6667,0.0,-1.0
651,sm7792239,3.3333,2.6667,3.3333,1.3333,2.6667,1.6667,-0.6667,0.0
652,sm14742092,4.0,4.3333,2.0,3.0,2.0,3.0,0.3333,1.3333
653,sm17235354,4.3333,3.6667,1.6667,3.3333,2.0,3.0,1.3333,0.6667
654,sm15189350,3.6667,3.0,2.0,3.3333,3.6667,2.3333,1.0,0.6667
655,sm5168173,4.0,5.0,1.0,2.6667,3.3333,4.6667,0.6667,2.0
656,sm9764858,4.6667,4.6667,1.0,2.0,2.6667,3.6667,0.0,1.3333
657,sm4740727,4.6667,4.6667,1.0,3.3333,3.0,4.3333,0.3333,1.6667
658,sm17336304,2.0,2.0,4.3333,1.3333,1.0,2.3333,-1.3333,-1.3333
659,sm15022913,4.0,4.6667,1.3333,3.0,3.3333,4.3333,0.6667,1.6667
660,sm17457529,2.6667,2.6667,2.6667,2.0,3.3333,1.3333,-0.3333,0.3333
661,sm10659443,3.0,3.6667,1.6667,1.3333,1.6667,3.6667,-0.6667,1.0
662,sm7550182,1.6667,1.3333,3.6667,2.3333,4.3333,1.0,0.3333,-0.6667
663,sm7224643,3.3333,2.3333,2.0,4.0,2.3333,3.0,0.6667,0.3333
664,sm15428781,2.0,2.6667,3.3333,1.6667,2.3333,2.6667,-0.6667,-0.3333
665,sm4247321,2.6667,4.0,1.0,1.6667,1.3333,2.3333,-0.3333,1.3333
666,sm7215797,1.3333,2.0,3.6667,2.0,3.6667,1.3333,-1.6667,-0.3333
667,sm6601567,3.6667,3.0,2.3333,3.0,4.0,3.3333,0.6667,0.6667
668,sm16769854,4.6667,2.6667,3.6667,4.3333,2.0,1.0,1.6667,-0.3333
669,sm11849610,4.0,3.6667,1.3333,4.0,1.6667,1.6667,2.0,1.3333
670,sm14619871,3.3333,1.0,3.3333,4.6667,1.6667,1.6667,1.6667,-0.6667
671,sm14162938,3.3333,4.3333,1.6667,1.0,1.3333,3.0,-0.3333,1.0
672,sm7000665,3.0,3.6667,2.0,1.3333,2.6667,2.0,-0.3333,0.0
673,sm16386722,3.3333,4.6667,1.6667,2.0,3.0,3.3333,-0.6667,0.6667
674,sm7992704,4.0,2.6667,4.6667,4.3333,2.3333,2.3333,0.6667,-0.3333
675,sm13988881,2.0,2.0,2.6667,1.3333,2.0,2.6667,-0.6667,-0.6667
676,sm10027079,3.3333,1.0,4.0,3.6667,3.6667,1.0,1.0,-1.6667
677,sm12355109,3.6667,3.6667,2.3333,1.3333,2.0,3.6667,0.0,0.3333
678,sm8661117,3.6667,2.0,3.6667,3.3333,2.6667,2.0,0.6667,-1.3333
679,sm7807845,2.0,2.6667,3.0,1.6667,2.6667,2.0,-0.3333,0.0
680,sm17201316,4.0,5.0,2.6667,3.0,2.0,3.3333,0.0,1.3333
681,sm7598217,4.0,3.6667,1.6667,4.0,2.6667,2.3333,0.3333,1.0
682,sm16496406,3.3333,3.6667,3.0,3.0,3.0,3.6667,-0.3333,0.6667
683,sm7686320,4.3333,2.3333,2.6667,4.6667,2.6667,1.0,1.3333,0.0
684,sm17020500,3.6667,2.6667,2.0,3.3333,1.6667,1.3333,0.6667,0.0
685,sm13984259,2.6667,1.6667,4.0,3.3333,1.6667,1.6667,0.0,0.3333
686,sm16729081,4.0,5.0,1.3333,1.3333,3.3333,3.6667,-0.3333,1.3333
687,sm5114973,4.3333,2.0,2.6667,4.6667,3.6667,1.6667,1.0,0.0
688,sm14407430,4.3333,3.3333,1.0,4.3333,1.6667,1.0,0.6667,1.0
689,sm16827089,3.3333,3.3333,1.6667,2.0,3.3333,2.0,0.0,1.3333
690,sm15350132,3.0,2.6667,3.0,3.0,1.6667,1.3333,1.0,-0.6667
691,sm12365006,4.3333,3.6667,1.0,1.6667,3.3333,4.0,-0.3333,1.0
692,sm6137627,3.0,3.3333,1.3333,1.3333,2.6667,3.0,-0.3333,1.0
693,sm12595936,3.3333,1.0,3.6667,4.3333,2.3333,1.0,1.3333,-1.0
694,sm5563391,4.3333,3.6667,1.6667,4.0,3.0,2.3333,1.0,1.0
695,sm3419490,1.0,1.0,1.0,1.0,1.0,1.0,0.0,0.0
696,sm1632617,2.3333,3.3333,3.3333,1.0,1.6667,3.3333,-1.0,-0.6667
697,sm2653480,3.6667,3.6667,1.3333,3.6667,1.3333,1.0,1.3333,1.0
698,sm16085344,1.3333,2.6667,2.6667,1.6667,1.3333,3.0,-1.3333,1.0
699,sm9430710,1.0,1.0,1.0,1.0,1.0,1.0,0.0,0.0
700,sm1718025,1.3333,3.0,1.6667,1.0,4.0,2.0,-0.3333,-0.3333
701,sm16800139,3.0,2.6667,2.3333,2.6667,1.6667,2.0,1.0,0.6667
702,sm14639128,3.0,3.0,1.3333,1.0,3.0,3.0,-0.3333,0.3333
703,sm16065869,1.6667,3.0,3.0,1.6667,1.6667,2.6667,-2.0,0.3333
704,sm7879207,3.3333,2.3333,1.3333,3.3333,3.6667,4.0,1.0,1.6667
705,sm8781129,1.0,1.0,1.0,1.0,1.0,1.0,0.0,0.0
706,sm15242659,3.0,3.3333,2.0,3.0,2.0,2.6667,1.0,1.0
707,sm9829617,4.3333,4.3333,1.0,1.6667,4.0,4.3333,0.3333,1.3333
708,sm13667717,3.3333,3.0,1.6667,2.3333,5.0,1.6667,0.0,0.3333
709,sm15107170,3.0,2.6667,2.0,4.6667,3.0,2.3333,0.0,-0.3333
710,sm9893696,4.0,4.0,1.3333,1.6667,2.6667,3.0,-0.6667,0.6667
711,sm15054061,3.3333,3.0,2.0,3.6667,1.6667,1.0,1.6667,0.6667
712,sm16825773,4.6667,4.3333,1.0,4.3333,1.6667,1.3333,2.0,2.0
713,sm11412217,2.6667,3.3333,2.0,1.3333,3.3333,3.3333,-0.3333,-0.3333
714,sm9174236,3.6667,3.6667,1.3333,2.6667,4.0,2.6667,0.3333,0.6667
715,sm10175368,3.3333,2.0,3.3333,2.3333,1.6667,1.3333,0.6667,0.0
716,sm14891347,3.3333,2.0,4.6667,3.0,1.6667,2.3333,0.6667,-0.6667
717,sm2096153,3.3333,3.0,1.6667,2.0,4.6667,3.0,0.3333,1.0
718,sm4291081,2.6667,3.6667,1.6667,1.6667,3.6667,3.3333,-1.0,1.0
719,sm12177762,4.6667,4.6667,1.0,3.0,4.0,3.6667,0.6667,1.3333
720,sm7612037,3.0,3.0,2.0,2.6667,3.3333,3.0,0.3333,0.3333
721,sm9301676,4.3333,4.0,1.3333,3.3333,2.3333,3.3333,0.6667,1.6667
722,sm11964950,2.3333,2.3333,2.6667,2.6667,2.6667,1.0,0.0,-0.6667
723,sm4225465,1.0,1.0,1.0,1.0,1.0,1.0,0.0,0.0
724,nm12177206,1.0,1.0,1.0,1.0,1.0,1.0,0.0,0.0
725,sm15553296,3.0,2.3333,2.6667,4.0,1.6667,1.0,1.6667,-0.6667
726,sm3671912,4.3333,4.0,1.0,3.0,4.3333,1.3333,1.0,1.3333
727,sm14011063,3.0,3.6667,2.6667,1.3333,1.0,3.3333,-0.6667,0.3333
728,sm6980351,3.0,1.6667,3.6667,3.6667,1.3333,1.3333,1.3333,-1.0
729,sm16309692,1.6667,1.6667,4.3333,1.3333,2.6667,3.6667,-1.6667,-1.0
730,sm8091446,2.6667,2.0,3.6667,3.6667,3.3333,1.6667,1.0,-1.0
731,sm8061167,2.0,2.3333,3.6667,1.6667,2.3333,3.3333,-1.6667,-0.3333
732,sm11325190,4.0,4.0,2.0,1.6667,3.0,4.0,0.6667,1.0
733,sm15289816,2.0,1.0,4.0,1.6667,2.0,1.6667,-0.6667,-0.6667
734,sm2533949,1.6667,1.6667,2.3333,1.6667,2.3333,2.0,-1.0,0.0
735,sm12264707,1.6667,1.6667,3.3333,2.3333,2.0,2.3333,0.3333,-1.3333
736,sm12864126,2.3333,2.0,3.6667,3.6667,1.6667,1.3333,0.3333,-0.3333
737,sm11080597,3.3333,4.0,2.3333,1.0,2.6667,4.0,-0.6667,1.3333
738,sm16231559,4.6667,4.0,2.0,4.0,3.6667,1.6667,1.0,1.3333
739,sm2758851,2.3333,1.6667,1.6667,1.3333,3.3333,2.0,-0.3333,1.0
740,sm16448432,4.0,3.3333,2.0,4.3333,1.3333,1.3333,1.6667,1.0
741,sm16583264,4.0,4.3333,3.6667,2.6667,2.3333,3.3333,0.6667,0.0
742,sm15800552,3.3333,3.3333,2.0,4.0,1.3333,1.6667,1.0,0.3333
743,sm15853580,3.6667,2.6667,2.0,3.6667,1.6667,1.3333,0.6667,0.3333
744,sm2280411,3.6667,2.3333,4.3333,3.0,3.0,1.0,0.0,-1.0
745,sm11477181,2.3333,1.3333,2.3333,2.3333,2.6667,1.0,0.3333,-0.3333
746,sm8121199,1.3333,1.3333,2.3333,1.3333,3.6667,1.0,-0.3333,-0.6667
747,sm15719556,4.0,3.6667,2.3333,3.6667,3.6667,1.3333,1.0,0.6667
748,sm16527005,3.6667,3.0,3.3333,4.6667,2.6667,2.0,1.6667,0.0
749,sm6119553,2.0,2.6667,3.0,1.6667,2.0,1.3333,-1.0,-0.6667
750,sm16405963,3.3333,3.3333,1.6667,3.3333,4.3333,4.0,0.3333,1.3333
751,sm6723010,3.3333,3.3333,3.3333,4.3333,2.3333,1.3333,1.3333,0.6667
752,sm13828417,3.3333,3.6667,1.0,2.0,3.3333,2.6667,0.3333,0.0
753,sm12647084,3.0,3.3333,2.6667,2.3333,2.6667,1.6667,0.0,-0.6667
754,sm11398259,3.0,2.6667,3.6667,1.3333,2.6667,3.6667,-1.0,0.3333
755,sm15825105,3.3333,3.3333,1.0,1.3333,4.0,2.0,0.3333,1.3333
756,sm9854305,3.0,3.0,3.0,2.3333,2.3333,1.3333,0.3333,-1.0
757,sm11270299,2.6667,3.0,1.6667,2.0,1.6667,2.3333,0.0,0.3333
758,sm8163888,3.6667,3.0,1.3333,3.0,1.6667,2.3333,1.0,1.3333
759,sm15652860,4.0,5.0,1.6667,2.6667,3.0,3.3333,-0.3333,1.3333
760,sm15922203,4.0,3.0,1.6667,3.0,2.0,2.0,-0.3333,1.0
761,sm16493013,4.0,1.3333,3.6667,5.0,3.3333,1.3333,1.6667,-0.6667
762,sm15279074,4.0,4.3333,1.0,2.6667,3.3333,4.3333,0.6667,1.3333
763,sm15583068,2.6667,2.3333,2.0,2.0,5.0,1.3333,-0.6667,0.0
764,sm13306896,4.0,3.6667,2.0,3.0,3.3333,2.3333,0.6667,0.6667
765,sm16353783,4.3333,3.6667,1.0,1.3333,3.0,3.6667,0.0,1.0
766,sm16409992,3.6667,4.0,3.0,1.3333,3.6667,2.6667,-0.6667,1.0
767,sm2088347,1.6667,3.6667,2.3333,1.6667,3.6667,4.3333,1.6667,0.6667
768,sm8696152,2.3333,2.3333,4.0,2.6667,2.6667,1.0,-0.3333,0.0
769,sm2408207,3.0,2.0,3.0,2.6667,1.3333,2.0,0.3333,-0.3333
770,sm8796407,3.3333,2.0,3.6667,2.0,1.6667,1.0,-0.3333,-0.6667
771,sm16670262,4.0,3.6667,1.0,3.3333,2.0,3.0,0.6667,1.6667
772,sm4611428,3.0,3.3333,1.0,2.0,2.6667,2.3333,0.3333,1.3333
773,sm9292554,3.3333,3.3333,3.3333,1.3333,3.6667,2.0,-0.6667,0.0
774,sm9228896,2.6667,2.3333,4.0,3.6667,2.3333,1.3333,0.3333,-1.0
775,sm12967128,3.0,3.0,3.0,3.3333,3.3333,2.0,0.6667,0.0
776,sm11237572,4.0,2.3333,2.6667,3.3333,2.3333,1.6667,1.3333,-1.0
777,sm2039810,2.6667,1.6667,4.3333,4.0,2.0,1.0,1.6667,-1.0
778,sm3060283,3.0,3.6667,1.0,1.0,2.3333,2.3333,-0.6667,1.0
779,sm11252628,2.6667,2.3333,4.0,3.0,2.3333,1.6667,1.0,-0.6667
780,sm15308214,2.6667,2.3333,4.0,4.0,2.0,1.3333,1.3333,-1.0
781,sm17142789,4.0,4.0,2.0,2.0,3.0,4.0,-0.6667,1.0
782,sm16772333,4.0,4.3333,3.0,2.0,2.6667,3.6667,-0.3333,1.0
783,sm9708587,2.3333,3.0,3.3333,2.3333,3.6667,3.0,0.0,0.3333
784,sm10820620,4.0,5.0,1.3333,1.6667,2.6667,4.0,0.3333,1.3333
785,sm14019085,4.0,4.3333,1.6667,3.0,2.6667,3.0,1.0,0.6667
786,sm17092280,4.0,4.3333,1.6667,3.0,1.3333,3.0,1.3333,1.3333
787,sm9794134,2.6667,2.6667,2.3333,1.0,1.6667,2.3333,-1.3333,0.0
788,sm14639413,4.0,3.6667,2.3333,4.0,2.6667,1.6667,1.3333,1.3333
789,sm15933955,1.6667,2.3333,3.3333,1.0,2.3333,3.6667,-1.0,0.6667
790,sm14657185,2.6667,4.3333,2.3333,1.0,1.3333,3.6667,-1.0,1.3333
791,sm5608513,4.0,4.0,1.0,2.3333,4.0,4.3333,0.3333,1.6667
792,sm7400945,3.0,1.3333,3.6667,2.3333,2.3333,1.6667,0.0,-0.6667
793,sm16693218,4.3333,3.0,2.0,4.0,2.6667,1.3333,1.3333,1.3333
794,sm10975244,4.0,4.6667,1.0,3.0,3.6667,4.3333,0.0,1.6667
795,sm11151641,4.0,3.0,2.3333,4.6667,2.6667,2.6667,2.0,0.3333
796,sm14367556,2.6667,2.0,3.3333,2.0,1.6667,2.6667,-0.3333,-0.6667
797,sm10533832,4.0,2.6667,3.6667,2.3333,2.3333,2.0,0.3333,-1.0
798,sm12588223,2.0,3.0,3.3333,1.6667,3.6667,4.6667,-1.3333,0.3333
799,sm8738313,4.0,3.3333,2.6667,3.6667,2.3333,2.0,1.0,0.0
800,sm16763060,1.0,1.0,1.0,1.0,1.0,1.0,0.0,0.0
801,sm14864051,1.6667,2.0,3.3333,1.3333,2.3333,2.6667,-1.6667,-0.6667
802,sm7354057,3.3333,3.3333,2.0,2.6667,1.0,1.6667,1.0,1.0
803,sm16734827,4.6667,2.6667,2.3333,3.0,2.0,3.6667,-0.6667,-0.3333
804,sm17134469,3.0,2.6667,1.6667,2.3333,1.6667,2.3333,0.0,0.3333
805,sm16069888,3.3333,3.6667,2.0,1.6667,2.3333,3.6667,0.0,1.0
806,sm17213446,4.3333,4.6667,1.0,2.0,4.0,4.6667,0.0,2.0
807,sm8432098,3.0,2.0,4.3333,3.6667,4.3333,1.6667,0.6667,-0.3333
808,sm14731596,4.0,4.0,1.6667,1.6667,2.3333,4.3333,-0.6667,1.0
809,sm15016420,4.0,4.6667,1.3333,2.3333,4.0,5.0,0.3333,1.6667
810,sm15533024,3.3333,3.3333,2.0,3.3333,2.3333,3.0,-0.3333,0.0
811,sm16770185,3.6667,4.0,2.0,2.3333,2.6667,3.6667,-0.6667,1.0
812,sm14503375,2.6667,2.0,3.0,2.6667,2.0,2.3333,0.6667,0.0
813,sm16846374,4.3333,5.0,2.3333,1.6667,2.6667,4.6667,-0.3333,1.6667
814,sm8614063,3.6667,3.3333,2.3333,4.3333,3.3333,2.3333,0.3333,0.3333
815,sm3425798,1.6667,3.3333,3.6667,2.0,2.3333,2.6667,-1.3333,0.3333
816,sm7878515,2.3333,1.6667,4.3333,3.0,2.0,2.3333,-0.3333,-1.6667
817,sm7078981,4.0,4.0,1.0,2.3333,3.6667,3.6667,1.0,1.3333
818,sm15789837,1.6667,1.6667,4.0,2.0,1.0,2.0,-0.3333,-0.3333
819,sm15010446,3.6667,2.3333,2.6667,4.3333,2.3333,1.0,1.6667,-1.0
820,sm15719565,3.0,2.6667,1.6667,1.6667,2.3333,2.3333,-1.0,0.3333
821,sm10632158,1.3333,3.0,3.6667,1.6667,1.3333,2.3333,-1.0,0.3333
822,sm2553659,2.0,3.6667,1.6667,1.6667,2.3333,2.0,-1.0,1.0
823,sm12645546,3.3333,3.3333,3.0,2.3333,2.0,2.3333,0.0,-0.3333
824,sm9931198,3.6667,4.3333,1.0,2.3333,3.0,4.0,0.3333,1.3333
825,sm11398357,2.6667,3.0,2.0,3.0,3.3333,1.3333,0.3333,0.0
826,sm14274692,3.3333,3.3333,2.3333,3.3333,3.6667,1.0,1.0,0.6667
827,sm6183732,2.3333,2.6667,2.3333,1.3333,3.3333,2.3333,-0.3333,0.3333
828,sm10393864,2.3333,2.0,2.6667,1.0,1.3333,3.0,0.0,0.0
829,sm15875228,3.6667,4.6667,1.6667,2.6667,2.6667,3.6667,1.0,1.6667
830,sm6440455,3.0,3.0,2.0,4.3333,3.0,2.0,1.6667,0.3333
831,sm7778065,2.6667,2.3333,3.0,3.0,2.3333,2.6667,0.6667,0.3333
832,sm16659931,4.6667,4.6667,1.3333,3.6667,4.0,3.3333,1.0,1.6667
833,sm9218213,4.0,3.6667,1.3333,4.0,2.6667,2.3333,1.0,1.0
834,sm14023769,3.0,3.3333,1.0,1.0,4.3333,4.3333,-0.3333,1.6667
835,sm14704133,3.6667,4.6667,1.0,1.0,3.3333,3.0,0.3333,1.0
836,sm8619149,3.0,2.3333,2.0,4.0,2.3333,1.3333,1.6667,0.3333
837,sm12888483,3.6667,2.3333,2.0,2.6667,2.6667,1.3333,0.6667,0.3333
838,sm12616812,2.6667,3.3333,3.0,1.0,1.0,2.6667,-0.6667,-0.3333
839,sm6991834,3.6667,3.0,1.6667,3.0,3.3333,2.6667,0.0,0.3333
840,sm16076097,4.0,4.0,1.6667,3.3333,2.3333,2.0,1.0,0.3333
841,sm13101737,2.6667,2.6667,3.0,1.6667,3.0,1.6667,-0.3333,0.3333
842,sm16588541,3.0,3.3333,3.0,2.6667,2.3333,2.6667,-0.3333,0.3333
843,sm15686051,4.3333,4.6667,1.0,3.0,2.6667,2.3333,0.6667,0.6667
844,sm3534601,2.0,4.3333,3.6667,1.6667,3.0,3.3333,-1.0,0.6667
845,sm13124416,2.6667,4.0,2.3333,2.6667,2.3333,4.0,-0.3333,0.6667
846,sm10907267,3.0,2.0,1.6667,1.6667,3.3333,2.0,-0.3333,1.0
847,sm5085658,2.6667,4.0,3.6667,1.0,2.0,4.6667,-0.6667,1.0
848,sm8712532,4.0,4.0,1.0,2.3333,2.3333,3.0,-0.3333,1.0
849,sm9154541,3.3333,2.0,4.0,4.0,2.3333,1.0,1.0,-1.3333
850,sm7400854,3.6667,3.6667,2.6667,2.3333,2.0,2.0,-0.3333,-0.3333
851,sm7811586,2.0,2.3333,3.6667,3.0,3.0,1.0,0.0,0.0
852,sm8194738,4.0,2.6667,4.0,4.0,1.6667,2.0,1.0,-0.6667
853,sm4028567,2.3333,3.3333,2.3333,1.6667,1.6667,3.0,-1.0,0.6667
854,sm13539726,2.6667,2.3333,1.6667,4.0,2.3333,1.0,2.0,0.6667
855,sm16735237,1.6667,1.3333,4.6667,2.3333,1.3333,2.0,-1.0,-2.0
856,sm4966548,4.0,4.3333,1.3333,1.6667,3.6667,4.0,-0.3333,1.3333
857,sm15448244,2.6667,1.6667,3.3333,2.0,2.0,1.0,-0.3333,0.6667
858,sm11788815,3.6667,2.3333,3.6667,3.3333,3.0,1.3333,1.0,-0.6667
859,sm8468717,3.6667,4.0,1.3333,2.3333,4.3333,3.3333,0.3333,1.0
860,sm15970184,1.6667,1.6667,3.0,2.0,1.6667,2.0,0.0,-0.6667
861,sm7597329,4.0,4.6667,1.3333,1.6667,2.6667,4.0,0.3333,1.6667
862,sm11774439,3.6667,4.6667,1.0,2.3333,3.3333,4.0,0.3333,1.3333
863,sm14820593,2.3333,2.6667,4.3333,1.6667,2.3333,2.3333,-0.6667,-0.3333
864,sm11146117,3.3333,2.0,3.0,3.6667,2.0,1.0,0.3333,-1.0
865,sm10038694,4.0,4.0,2.0,1.3333,3.3333,4.0,0.6667,1.6667
866,sm17147346,3.3333,2.0,3.3333,3.3333,1.3333,2.3333,-0.3333,-0.3333
867,sm15531021,2.6667,3.3333,4.0,1.6667,1.6667,3.0,-0.6667,0.0
868,sm12339479,2.0,2.0,4.6667,2.0,2.0,1.3333,-1.0,-2.0
869,sm12507705,3.3333,3.6667,1.3333,2.6667,2.3333,3.3333,0.3333,1.3333
870,sm8755465,2.6667,3.3333,2.6667,2.0,2.6667,2.3333,-0.6667,0.0
871,sm3671490,4.0,4.0,1.0,2.0,3.6667,3.3333,-0.3333,1.0
872,sm11294837,3.6667,1.6667,3.3333,3.6667,3.3333,1.3333,1.0,-1.0
873,sm16969007,3.0,4.0,3.3333,1.0,2.0,3.3333,-1.0,-0.3333
874,sm9731365,3.3333,4.0,1.0,1.3333,3.0,4.0,-1.0,1.3333
875,sm4773890,3.6667,4.3333,1.0,1.6667,4.0,2.3333,0.3333,1.6667
876,sm15676851,3.0,3.3333,3.6667,2.3333,2.0,4.6667,0.3333,0.3333
877,sm13087456,3.0,3.0,2.3333,4.3333,2.0,1.6667,0.0,0.3333
878,sm8529991,2.0,1.0,4.6667,3.0,2.3333,2.3333,0.0,-1.3333
879,sm9024627,4.0,4.6667,1.0,2.6667,3.0,4.0,0.6667,1.3333
880,sm15032299,2.6667,3.3333,1.3333,1.3333,2.3333,3.3333,0.0,1.3333
881,sm2827322,4.0,4.0,1.0,2.3333,1.6667,3.6667,0.6667,1.3333
882,sm10453745,3.0,1.6667,4.3333,2.3333,2.0,2.0,-0.3333,-1.0
883,sm4669648,3.3333,2.3333,1.6667,3.3333,2.0,1.3333,1.0,0.3333
884,sm15101518,3.3333,4.3333,1.0,1.6667,3.6667,4.6667,0.0,1.6667
885,sm15147135,3.6667,3.3333,2.0,4.3333,2.0,1.3333,1.6667,0.3333
886,sm13688764,3.0,3.3333,2.3333,1.0,2.3333,4.0,-0.6667,0.6667
887,sm9682775,4.3333,2.3333,3.3333,4.6667,3.3333,1.3333,2.0,-0.6667
888,sm10242501,3.0,3.0,3.0,3.0,4.0,2.3333,-0.3333,0.6667
889,sm8976018,3.3333,4.0,1.0,2.3333,3.0,4.0,-0.3333,1.0
890,sm12757490,4.0,4.6667,1.0,2.0,2.6667,4.3333,0.3333,1.6667
891,sm16011363,3.3333,3.0,3.3333,2.0,1.6667,1.3333,1.0,-0.6667
892,sm5717613,2.6667,2.6667,2.0,1.3333,3.6667,3.6667,-1.0,-0.3333
893,sm14679230,3.3333,4.6667,1.0,2.0,2.0,4.0,0.6667,2.0
894,sm15474540,3.0,3.3333,1.3333,3.0,1.3333,2.6667,1.0,1.0
895,sm1986944,1.0,1.3333,4.6667,1.0,1.0,2.6667,-1.3333,-0.6667
896,sm9981341,4.3333,3.0,2.3333,3.3333,2.0,1.6667,0.6667,-0.3333
897,sm16799739,3.0,3.0,1.0,3.6667,2.3333,2.3333,1.0,1.0
898,sm14026396,2.0,2.0,4.3333,1.6667,2.3333,2.0,-0.6667,-0.3333
899,sm9537937,4.6667,4.3333,1.0,2.0,3.3333,4.0,0.6667,1.6667
900,sm14700702,2.6667,3.0,3.6667,1.0,2.0,4.0,-1.6667,0.6667
901,sm15844332,2.6667,2.6667,2.6667,3.6667,1.6667,2.0,0.6667,0.0
902,sm10543519,3.6667,4.0,2.6667,1.3333,2.3333,3.6667,-0.3333,0.6667
903,sm12981881,3.3333,4.6667,2.6667,3.0,3.3333,4.0,0.3333,1.0
904,sm5601322,3.0,2.3333,2.0,2.3333,2.3333,3.0,0.6667,0.0
905,sm14934781,4.3333,2.3333,3.0,4.0,3.3333,2.6667,1.3333,0.6667
906,sm3995757,3.6667,3.0,2.6667,3.0,4.0,2.6667,1.0,-0.3333
907,sm16475295,3.3333,2.6667,1.6667,3.3333,3.3333,2.3333,0.0,0.6667
908,sm10446708,4.0,4.3333,2.6667,2.6667,1.3333,2.3333,0.3333,0.3333
909,sm13743929,1.6667,1.6667,3.6667,2.3333,2.6667,1.6667,-0.6667,-1.0
910,sm14300255,4.3333,4.0,1.0,1.3333,2.6667,3.6667,0.3333,1.3333
911,sm4271005,4.3333,4.0,1.3333,2.6667,5.0,3.3333,0.3333,1.3333
912,sm2584252,1.3333,2.3333,3.0,1.0,1.3333,1.3333,-1.3333,-1.0
913,sm5948584,3.3333,2.3333,2.6667,4.0,1.6667,1.6667,1.3333,0.3333
914,sm7382586,4.6667,4.3333,1.3333,3.0,3.0,4.6667,0.3333,1.6667
915,sm15090846,3.0,2.6667,2.0,1.6667,3.0,1.3333,-0.3333,0.0
916,sm17323674,2.0,1.3333,4.3333,3.3333,1.0,1.6667,0.6667,-1.0
917,sm11409063,4.0,3.6667,3.0,2.3333,3.0,3.3333,0.0,0.3333
918,sm15955450,2.3333,2.0,4.0,4.0,3.3333,2.0,1.0,-0.3333
919,sm13121567,4.0,4.0,1.3333,3.0,3.0,4.0,1.0,1.6667
920,sm11714132,5.0,5.0,1.0,2.0,1.6667,2.0,0.6667,2.0
921,sm4218005,3.6667,3.3333,1.3333,2.6667,3.6667,3.0,0.0,1.0
922,sm7476730,3.0,3.0,3.6667,2.0,2.6667,1.6667,-1.0,-1.0
923,sm8119054,4.6667,4.0,1.6667,4.0,4.0,3.0,1.0,1.6667
924,sm9022413,1.6667,2.0,3.0,1.3333,2.3333,2.3333,-1.6667,-0.6667
925,sm7093221,4.3333,3.6667,1.6667,3.6667,2.0,1.6667,1.0,1.3333
926,sm11760748,3.0,2.3333,4.0,2.6667,3.0,1.0,0.0,-1.3333
927,sm12556756,3.3333,4.0,1.3333,1.6667,3.0,3.6667,0.3333,1.3333
928,sm8098660,3.6667,1.0,4.3333,5.0,3.6667,1.0,2.0,-1.6667
929,sm10626762,3.6667,3.3333,1.0,2.6667,2.0,3.0,0.0,1.0
930,sm13269029,3.3333,3.0,1.3333,3.6667,2.3333,1.0,1.3333,0.0
931,sm6059337,1.6667,3.3333,3.6667,1.3333,2.3333,1.3333,-1.3333,-0.6667
932,sm2678744,4.0,5.0,1.0,2.6667,4.6667,4.6667,1.0,2.0
933,sm12476122,4.0,3.6667,1.6667,2.3333,3.3333,4.6667,-0.3333,1.0
934,sm13877207,2.6667,3.0,2.3333,2.3333,2.3333,3.6667,-0.6667,1.0
935,sm11589161,4.3333,4.0,2.0,2.0,4.3333,2.0,0.3333,1.3333
936,sm11641089,4.3333,4.0,1.3333,3.3333,2.0,3.3333,0.6667,1.3333
937,sm16238717,4.3333,3.3333,2.0,2.6667,3.3333,2.3333,0.0,0.6667
938,sm8251494,3.0,3.6667,2.6667,1.0,2.6667,2.6667,-1.3333,0.0
939,sm13523086,2.6667,1.3333,4.3333,3.6667,3.6667,1.3333,0.6667,-1.3333
940,sm8412978,3.6667,2.3333,1.6667,3.3333,2.3333,1.0,-0.3333,-0.3333
941,sm5870324,3.3333,3.3333,1.6667,3.0,3.3333,2.0,1.6667,0.3333
942,sm15430979,3.6667,4.3333,1.3333,2.6667,2.0,2.3333,1.0,1.3333
943,sm12527072,3.3333,4.0,1.6667,2.0,3.6667,3.6667,-0.6667,0.6667
944,sm3372198,2.6667,2.3333,3.3333,3.6667,3.3333,1.0,0.3333,-0.3333
945,sm15015175,2.6667,1.3333,2.6667,4.6667,3.6667,2.6667,1.3333,0.0
946,sm16768902,4.6667,4.0,1.0,3.3333,3.3333,3.0,1.3333,1.0
947,sm10565041,2.3333,3.0,3.6667,1.6667,2.6667,3.0,-1.0,-0.3333
948,sm12648576,3.6667,2.0,3.0,4.6667,2.6667,1.6667,1.6667,-0.3333
949,sm16859428,4.3333,3.0,2.6667,3.6667,4.3333,3.6667,1.3333,1.3333
950,sm11183729,3.0,3.0,3.0,1.6667,2.6667,3.6667,1.0,1.0
951,sm2489873,3.6667,4.0,2.3333,2.3333,3.3333,2.6667,0.0,1.0
952,sm15568640,2.3333,2.3333,3.3333,2.3333,1.6667,2.6667,-0.6667,-0.6667
953,sm15230821,3.3333,3.6667,2.0,2.3333,1.3333,2.0,0.0,1.0
954,sm15841119,4.0,4.3333,1.6667,4.3333,3.0,3.0,0.3333,1.6667
955,sm2577615,3.6667,2.0,2.6667,4.3333,4.0,1.3333,2.0,0.0
956,sm12347529,4.0,4.3333,1.3333,1.6667,3.6667,4.3333,0.3333,1.3333
957,nm10674682,1.0,1.0,1.0,1.0,1.0,1.0,0.0,0.0
958,sm7504739,4.3333,2.3333,3.3333,4.0,1.3333,2.0,1.3333,-0.6667
959,sm4451787,3.3333,3.6667,2.6667,1.6667,1.0,2.3333,0.0,0.6667
960,sm17213108,2.6667,2.3333,3.0,1.6667,1.0,1.6667,0.0,-0.3333
961,sm13207406,3.0,2.3333,3.0,4.3333,1.3333,1.6667,1.0,0.3333
962,sm13906236,3.6667,4.6667,1.0,1.6667,1.6667,4.0,0.3333,1.6667
963,sm16772487,3.3333,4.0,1.3333,2.6667,4.0,3.3333,0.0,1.6667
964,sm4180612,3.0,3.0,3.3333,1.6667,1.0,2.3333,-1.0,0.3333
965,sm12549171,2.6667,2.3333,3.6667,2.6667,1.6667,2.6667,0.6667,-0.3333
966,sm8451973,3.3333,4.3333,1.3333,2.0,3.0,4.0,-0.6667,1.6667
967,sm15522536,3.6667,3.3333,1.3333,3.0,3.0,3.3333,-0.3333,0.3333
968,sm15493390,4.0,4.0,1.6667,3.0,3.0,4.0,0.6667,1.6667
969,sm16719809,5.0,5.0,1.0,3.0,4.6667,4.6667,0.6667,2.0
970,sm17211747,4.3333,4.6667,1.0,2.3333,4.0,4.3333,0.0,2.0
971,sm12377743,3.6667,2.0,3.6667,4.0,2.3333,2.3333,1.0,-0.6667
972,sm11879325,4.3333,4.3333,2.0,2.6667,2.6667,3.6667,0.6667,1.6667
973,sm9093103,3.0,2.3333,3.3333,3.3333,4.3333,1.3333,1.0,-0.3333
974,sm1459286,1.3333,2.0,4.0,1.0,2.6667,2.0,-1.3333,-0.6667
975,sm14129888,3.0,2.6667,3.6667,2.6667,1.6667,1.6667,0.3333,-0.6667
976,sm9874221,2.3333,2.0,3.0,4.0,1.6667,1.0,1.3333,0.0
977,sm8906830,3.6667,4.0,2.3333,2.0,2.0,4.0,0.3333,1.3333
978,sm7030348,2.0,3.6667,2.3333,2.6667,3.0,4.0,0.0,0.6667
979,sm6235882,2.6667,4.0,1.3333,1.3333,3.6667,3.6667,-1.0,1.0
980,sm16973327,4.6667,3.6667,1.6667,4.3333,3.6667,2.6667,1.3333,1.6667
981,sm8700898,3.3333,3.6667,1.6667,4.0,4.6667,4.0,-0.3333,1.3333
982,sm13611637,4.0,2.3333,2.6667,3.6667,2.0,1.6667,1.0,0.6667
983,sm14945102,3.6667,4.0,1.0,1.6667,2.0,3.6667,-0.3333,1.3333
984,sm15751190,4.0,4.0,2.3333,4.6667,3.6667,3.0,1.3333,1.3333
985,sm2205860,3.6667,2.6667,2.6667,2.6667,3.3333,2.3333,0.3333,0.3333
986,sm9538407,1.6667,3.3333,3.0,2.0,2.3333,2.3333,-1.0,0.0
987,sm14760181,4.3333,3.0,2.0,3.3333,3.0,2.3333,0.6667,0.0
988,sm6865106,3.0,2.6667,2.6667,1.6667,3.6667,1.3333,0.3333,0.6667
989,sm15815944,3.6667,2.6667,2.0,2.0,1.3333,1.3333,0.3333,0.6667
990,sm4189459,3.3333,4.3333,1.0,1.6667,2.3333,3.6667,0.0,1.6667
991,sm8670561,3.6667,3.6667,1.0,2.6667,3.0,3.0,0.6667,1.6667
992,sm3636268,3.6667,3.6667,2.3333,3.0,2.6667,2.3333,-0.3333,0.6667
993,sm12468990,3.3333,4.0,1.3333,1.0,2.0,3.6667,0.0,1.0
994,sm7232278,2.3333,2.3333,1.6667,2.3333,4.3333,1.3333,0.6667,0.0
995,sm16258483,4.3333,4.6667,1.0,2.6667,3.0,3.6667,0.3333,1.6667
996,sm12894209,3.3333,2.3333,2.6667,3.0,2.3333,1.6667,0.0,0.0
997,sm15044727,3.3333,2.3333,4.0,4.3333,2.3333,3.0,1.0,-0.6667
998,sm12090023,4.0,2.3333,3.3333,4.0,1.6667,1.3333,1.0,-1.0
999,sm16765671,4.6667,3.3333,3.0,3.6667,3.0,1.3333,1.3333,-1.0
1000,sm8451973,3.5,3.5,1.0,2.25,3.25,3.75,0.0,1.5
1001,sm10446708,2.5,1.5,3.75,3.0,1.75,1.0,0.0,-1.25
1002,sm13743929,2.25,1.75,3.0,1.75,2.0,2.25,-1.0,-0.75
1003,sm16527005,1.5,1.25,4.75,3.0,1.75,1.5,1.25,-1.5
1004,sm8796407,1.75,1.25,3.5,2.5,1.75,1.0,0.0,-1.25
1005,sm5137683,3.5,3.75,2.25,3.0,2.25,4.25,0.25,0.5
1006,sm12595936,1.25,1.25,4.75,3.25,3.5,1.0,0.75,-1.25
1007,sm8755465,1.5,2.75,2.75,1.0,3.5,4.0,-1.25,0.25
1008,sm2013783,4.0,4.0,1.0,2.25,3.75,4.5,-0.25,1.75
1009,sm16844849,1.75,2.5,3.75,1.0,2.25,4.5,-1.25,1.25
1010,sm14891347,1.6667,1.0,4.0,3.0,4.0,1.6667,1.3333,-0.6667
1011,sm4180612,2.3333,2.3333,3.6667,2.3333,2.3333,4.0,-0.6667,0.0
1012,sm6865106,1.3333,2.6667,4.0,2.6667,3.0,2.3333,0.0,-0.3333
1013,sm13991340,2.0,2.6667,3.0,2.0,2.3333,3.3333,-1.3333,0.0
1014,sm16079453,4.0,4.0,1.0,3.0,4.3333,4.0,0.0,0.6667
1015,sm11849610,2.3333,1.6667,3.0,2.0,1.6667,3.3333,0.0,-0.6667
1016,sm4189459,3.6667,4.0,1.0,1.3333,1.3333,3.3333,0.0,1.6667
1017,sm1986944,2.3333,2.6667,3.0,1.0,1.3333,4.0,-0.6667,0.3333
1018,sm17228726,1.6667,1.3333,4.0,2.6667,2.0,1.6667,0.0,-1.0
1019,sm15686024,2.0,2.6667,2.6667,2.0,1.6667,1.3333,-0.3333,0.0
1020,sm4773890,3.0,3.6667,2.0,2.0,4.0,3.6667,-0.3333,1.0
1021,sm8614063,2.0,1.3333,5.0,4.3333,2.3333,1.0,0.3333,-1.6667
1022,sm17134469,2.3333,1.6667,4.0,2.6667,2.0,3.3333,-0.6667,-0.3333
1023,sm16007598,3.3333,3.3333,2.3333,3.3333,3.6667,3.6667,0.0,0.6667
1024,sm7792239,2.0,1.3333,3.6667,2.0,3.3333,1.0,0.0,-1.6667
1025,sm15987636,1.3333,1.3333,4.6667,4.3333,2.0,1.3333,-1.3333,-1.3333
1026,sm6183732,1.6667,2.0,4.0,2.0,2.6667,2.6667,-1.3333,-1.0
1027,sm12177762,3.6667,3.6667,1.3333,2.3333,3.6667,3.6667,0.3333,1.3333
1028,sm1418287,1.3333,1.6667,4.6667,2.6667,1.3333,2.6667,-1.3333,-1.0
1029,sm15147135,3.0,2.3333,2.3333,4.6667,3.0,1.0,1.6667,0.0
1030,sm10038694,3.3333,3.6667,2.3333,1.6667,2.0,4.3333,-0.3333,0.6667
1031,sm14704133,2.6667,2.6667,1.0,2.6667,4.6667,2.0,0.0,1.3333
1032,sm2408207,1.6667,1.6667,4.3333,1.6667,1.0,2.3333,-1.0,-0.6667
1033,sm15800552,2.0,1.3333,2.0,1.0,4.3333,2.6667,-0.3333,-0.3333
1034,sm16770185,1.3333,2.0,3.0,1.6667,1.3333,2.3333,-1.0,-0.3333
1035,sm15942116,2.3333,2.0,3.3333,1.3333,2.3333,3.6667,-0.6667,0.0
1036,sm7224643,3.3333,2.6667,3.3333,4.3333,3.0,2.6667,1.0,1.0
1037,sm8619149,3.3333,3.3333,1.6667,4.0,4.3333,3.0,-0.3333,1.0
1038,sm15696369,3.3333,3.6667,1.0,2.0,2.3333,4.3333,0.0,1.3333
1039,sm4247321,2.0,1.3333,3.3333,3.0,2.6667,1.3333,0.6667,-0.3333
1040,sm10659443,2.3333,2.0,2.6667,1.6667,2.3333,4.0,-1.0,0.6667
1041,sm9218213,1.0,1.0,3.0,2.0,2.6667,2.0,-1.0,-1.3333
1042,sm11879325,2.0,1.6667,1.6667,1.0,2.3333,1.0,0.0,0.0
1043,sm12888483,1.3333,1.3333,3.6667,1.3333,2.0,2.0,0.3333,-1.3333
1044,sm7402532,3.3333,3.6667,1.0,4.0,2.6667,4.3333,0.3333,1.6667
1045,sm7232278,2.6667,3.3333,1.0,2.0,4.3333,1.6667,0.6667,0.6667
1046,sm5168173,4.0,4.0,1.0,2.6667,4.0,5.0,0.3333,1.3333
1047,sm16707821,2.3333,2.3333,4.0,2.3333,3.6667,4.0,0.3333,0.0
1048,sm8700898,4.0,4.0,1.0,3.3333,4.0,1.6667,1.6667,1.3333
1049,sm14178212,1.6667,1.3333,4.0,2.3333,1.6667,2.6667,-0.6667,-0.6667
1050,sm17202463,1.0,2.0,3.6667,2.6667,1.0,3.3333,-0.3333,-1.6667
1051,sm14129888,1.3333,1.3333,4.0,1.3333,3.0,2.3333,-1.0,-0.3333
1052,sm16800139,2.0,1.3333,2.3333,4.3333,2.3333,1.6667,1.3333,-0.3333
1053,sm14535451,3.3333,2.6667,1.6667,3.0,4.3333,2.6667,0.3333,1.3333
1054,sm2280411,1.0,1.0,5.0,2.0,2.0,1.3333,-0.3333,-1.6667
1055,sm15719556,1.6667,1.6667,3.0,2.0,3.0,2.3333,0.0,-0.6667
1056,sm10713103,3.0,4.0,1.3333,1.0,1.3333,4.6667,-0.3333,1.3333
1057,sm11151641,2.0,1.6667,4.6667,2.6667,2.0,1.0,-0.3333,-0.6667
1058,sm7030348,2.3333,3.3333,1.3333,1.0,3.3333,4.6667,-1.0,1.3333
1059,sm7000665,2.0,1.6667,3.0,2.0,2.3333,1.0,0.0,0.3333
1060,sm4459566,4.6667,5.0,1.0,2.0,1.3333,3.6667,0.3333,1.6667
1061,sm16670262,3.6667,3.6667,2.0,3.3333,1.0,2.6667,-0.3333,1.3333
1062,sm12412526,1.3333,1.3333,1.0,2.3333,3.0,3.0,-0.3333,0.0
1063,sm7778065,1.3333,1.6667,4.3333,1.6667,2.0,3.0,-1.3333,-1.3333
1064,sm8976018,3.6667,4.0,1.0,2.3333,3.0,4.0,0.0,1.6667
1065,sm12041264,2.6667,2.3333,3.6667,3.0,1.3333,1.6667,0.3333,0.6667
1066,sm6059337,1.3333,1.6667,4.0,2.3333,2.0,3.0,-0.6667,-0.6667
1067,sm8414715,2.3333,1.6667,4.0,2.3333,2.0,2.0,-0.6667,-1.6667
1068,sm9439204,2.0,1.0,4.3333,1.6667,2.3333,2.6667,-1.0,-0.6667
1069,sm16253955,1.0,1.3333,4.6667,2.0,1.6667,1.0,-1.0,-1.3333
1070,sm16763060,1.0,1.0,1.0,1.0,1.0,1.0,0.0,0.0
1071,sm11409063,3.0,3.0,3.6667,2.6667,1.3333,3.3333,-0.6667,0.0
1072,sm3060283,3.0,3.3333,1.0,1.0,2.6667,4.3333,-0.6667,1.0
1073,sm4740727,3.3333,3.6667,1.0,2.3333,4.0,4.0,0.6667,1.6667
1074,sm8412978,1.6667,1.0,3.0,3.3333,3.6667,1.0,0.0,-1.0
1075,sm14340959,3.0,4.3333,1.0,1.6667,3.3333,4.6667,0.6667,1.3333
1076,sm3671490,2.3333,3.6667,1.0,1.6667,4.6667,4.0,0.0,1.3333
1077,sm17457529,2.3333,2.0,2.3333,3.0,4.3333,1.0,1.0,-0.3333
1078,sm15568640,1.0,2.3333,3.0,1.0,1.3333,1.3333,-1.3333,0.0
1079,sm12253877,1.0,1.3333,4.0,2.0,3.0,1.6667,-0.3333,-1.6667
1080,sm9893696,1.6667,2.0,3.3333,1.3333,3.3333,4.0,-1.0,0.0
1081,sm6235882,3.0,3.3333,1.6667,1.6667,4.6667,3.6667,0.0,1.3333
1082,sm11086161,2.0,1.6667,3.3333,2.3333,2.0,3.0,0.3333,-0.3333
1083,sm16772333,3.0,3.3333,4.0,1.6667,2.0,3.6667,-0.6667,0.6667
1084,sm8738313,1.3333,2.6667,2.3333,1.6667,2.6667,4.0,-0.6667,-0.3333
1085,sm16366329,2.6667,2.3333,4.0,2.6667,3.6667,3.6667,-0.3333,0.0
1086,sm2678744,4.3333,4.3333,2.0,2.3333,4.0,4.0,0.6667,1.6667
1087,sm16825773,1.3333,1.0,4.3333,3.3333,4.3333,2.0,1.3333,-1.0
1088,sm8432098,2.3333,1.0,4.3333,4.0,2.0,1.3333,1.3333,-1.6667
1089,sm9301676,1.6667,1.0,3.0,3.6667,3.3333,1.0,0.3333,-1.3333
1090,sm5513850,2.0,2.6667,1.3333,1.6667,1.3333,2.0,0.0,0.6667
1091,sm11477181,1.3333,1.0,4.6667,4.0,1.6667,1.3333,1.3333,-1.3333
1092,sm15531021,1.0,1.0,3.6667,1.6667,1.3333,1.0,-1.3333,-1.0
1093,sm15493390,3.6667,3.3333,1.0,3.0,4.0,3.6667,0.6667,1.3333
1094,sm7891168,1.0,1.0,3.6667,3.0,2.3333,1.0,0.3333,-1.0
1095,sm1632617,2.3333,2.3333,4.0,2.3333,2.0,2.0,-1.0,-0.6667
1096,sm5601322,2.6667,2.6667,3.0,4.3333,4.3333,1.6667,0.3333,0.0
1097,sm6723010,3.0,1.3333,4.0,3.3333,3.0,2.3333,-0.6667,-1.0
1098,sm16641667,1.0,1.0,1.0,1.0,1.0,1.0,0.0,0.0
1099,sm16258483,3.3333,4.0,1.3333,2.0,4.6667,4.0,0.0,1.6667
1100,sm16238717,1.6667,1.0,4.6667,4.0,2.3333,1.3333,1.0,-1.6667
1101,sm11714132,4.0,4.6667,1.0,1.0,2.3333,4.6667,-1.0,1.3333
1102,sm3671912,2.6667,2.3333,2.0,3.3333,4.6667,1.6667,0.3333,-0.6667
1103,sm10868543,2.3333,2.6667,2.0,1.0,1.0,3.6667,-0.3333,0.6667
1104,sm7879207,3.0,3.0,1.0,2.6667,4.6667,3.3333,0.3333,1.0
1105,sm13101737,1.3333,1.0,3.0,2.6667,1.6667,1.6667,-0.6667,-1.0
1106,sm15090846,2.3333,1.0,4.6667,2.6667,1.6667,1.3333,-1.3333,-2.0
1107,sm10445286,1.6667,1.3333,3.3333,3.6667,2.0,1.0,0.0,-0.6667
1108,sm9931198,3.0,2.0,3.0,1.6667,3.0,3.3333,-0.3333,-0.3333
1109,sm1459286,3.0,2.6667,1.0,1.6667,4.3333,3.0,0.0,1.0
1110,sm11398259,3.0,2.6667,2.3333,2.3333,2.0,3.3333,-0.6667,0.3333
1111,sm12648576,2.6667,2.3333,3.6667,3.3333,2.3333,3.0,0.6667,0.0
1112,sm14926860,3.3333,2.0,2.3333,2.3333,4.0,2.3333,0.0,-0.6667
1113,sm14162938,2.6667,3.6667,1.6667,1.0,1.6667,4.3333,-0.3333,1.6667
1114,sm16187258,2.6667,2.6667,2.6667,3.3333,2.6667,1.0,0.0,0.0
1115,sm14503375,2.6667,2.3333,2.0,2.0,3.6667,4.3333,0.3333,1.3333
1116,sm13304052,1.3333,1.0,1.6667,2.0,4.3333,1.0,0.3333,-0.3333
1117,sm7882150,1.6667,1.3333,4.0,3.3333,3.3333,2.6667,-0.6667,-0.3333
1118,sm8699900,3.3333,3.6667,1.0,1.3333,3.6667,4.6667,-0.6667,2.0
1119,sm6137627,3.3333,4.6667,2.0,2.3333,3.3333,4.0,0.3333,1.0
1120,sm14864051,1.0,1.3333,4.3333,1.6667,1.0,3.3333,-1.0,-1.3333
1121,sm16231559,2.6667,2.6667,2.0,1.3333,2.6667,2.0,-0.3333,-0.6667
1122,sm7612037,1.6667,1.3333,3.3333,2.6667,1.0,3.0,-0.3333,-0.6667
1123,sm13269029,1.6667,1.0,4.6667,1.6667,2.0,2.3333,-1.6667,-1.3333
1124,sm14026396,1.6667,1.6667,4.6667,1.6667,2.3333,3.0,-0.6667,-1.3333
1125,sm7354057,3.0,1.3333,2.3333,2.0,4.6667,2.3333,-0.6667,0.0
1126,sm8696152,2.6667,1.3333,4.6667,3.0,2.0,1.0,1.0,-1.0
1127,sm6448701,4.0,4.6667,1.6667,2.6667,3.3333,4.3333,0.3333,1.3333
1128,sm16353783,4.0,2.3333,1.0,3.3333,4.0,2.6667,0.6667,0.3333
1129,sm11412217,3.6667,4.3333,1.3333,1.3333,4.0,4.3333,-0.3333,0.3333
1130,sm13906236,1.6667,2.6667,1.6667,3.0,3.3333,3.6667,1.3333,0.3333
1131,sm9128830,3.0,1.6667,1.6667,3.0,3.0,2.6667,0.3333,-0.3333
1132,sm15308214,1.3333,1.0,5.0,2.6667,1.6667,1.3333,-0.3333,-1.6667
1133,sm14407430,1.3333,1.0,2.3333,1.0,2.3333,2.0,-0.6667,0.3333
1134,sm10027079,2.0,1.3333,4.3333,2.6667,3.6667,1.0,1.0,-1.6667
1135,sm15032299,3.0,4.6667,1.0,1.6667,3.3333,4.3333,1.0,1.3333
1136,sm11165729,1.6667,1.6667,4.3333,1.3333,3.0,1.3333,-0.3333,-1.6667
1137,sm17147346,1.6667,1.3333,3.6667,3.6667,1.6667,2.0,0.3333,-1.3333
1138,sm12875825,1.0,1.0,4.6667,1.6667,1.3333,2.6667,-1.6667,-1.3333
1139,sm2096153,3.6667,3.6667,1.3333,2.6667,5.0,3.0,0.6667,1.6667
1140,sm8781129,1.0,1.0,1.0,1.0,1.0,1.0,0.0,0.0
1141,sm7476730,2.0,3.0,4.0,2.0,1.0,1.3333,-1.3333,-0.3333
1142,sm16833058,3.0,3.3333,1.3333,1.6667,3.0,3.3333,-0.6667,1.3333
1143,sm8906830,4.3333,4.0,2.0,1.3333,3.6667,4.6667,0.0,1.0
1144,sm16846374,2.3333,3.3333,1.6667,2.0,1.6667,4.6667,-1.0,0.3333
1145,sm16681219,2.0,2.0,2.3333,1.3333,3.0,1.3333,0.3333,-0.3333
1146,sm9764858,4.3333,4.3333,1.6667,1.6667,3.0,3.3333,-0.3333,1.6667
1147,sm15470588,3.0,2.6667,1.6667,2.6667,4.6667,3.6667,0.0,1.0
1148,sm17211747,2.3333,3.3333,1.0,1.3333,5.0,4.6667,0.3333,1.3333
1149,sm6753213,2.0,1.0,4.0,2.6667,1.3333,2.6667,0.3333,-1.0
1150,sm13660306,2.6667,2.6667,3.6667,1.3333,2.0,4.6667,-0.6667,1.3333
1151,sm15350132,2.6667,3.3333,2.6667,2.6667,4.3333,3.0,-0.3333,0.3333
1152,sm15054061,2.6667,1.0,3.6667,4.0,1.3333,1.3333,1.6667,-1.3333
1153,sm10385393,2.0,2.0,3.0,2.0,1.3333,1.0,-0.3333,-1.0
1154,sm4387562,1.6667,1.6667,3.3333,1.0,1.6667,2.0,-1.0,1.0
1155,sm10066433,2.0,1.6667,4.0,1.0,1.3333,1.3333,-1.6667,-1.0
1156,sm12527072,2.0,3.0,1.6667,1.0,1.3333,3.3333,-1.0,1.3333
1157,sm16496406,1.6667,1.3333,2.6667,1.3333,2.3333,2.3333,-0.6667,0.0
1158,sm15955450,3.0,1.6667,4.0,3.3333,2.0,2.6667,1.0,-1.0
1159,sm11244099,1.3333,1.6667,3.3333,2.0,1.3333,1.0,-0.3333,-1.0
1160,sm15242659,3.6667,4.3333,1.6667,2.3333,3.0,3.0,0.3333,1.3333
1161,sm11641089,2.3333,3.0,3.0,3.0,2.6667,2.0,0.0,-0.6667
1162,sm3372198,3.0,2.6667,2.6667,3.3333,2.0,1.6667,0.6667,0.0
1163,sm12377743,1.6667,1.6667,3.6667,3.0,2.0,2.6667,0.0,-1.3333
1164,sm10393864,2.6667,3.0,3.3333,1.0,3.0,3.0,-0.3333,-0.3333
1165,sm16559290,3.3333,4.6667,1.0,3.0,4.6667,5.0,0.0,2.0
1166,sm8121199,2.0,2.3333,4.0,2.0,2.3333,2.0,-0.6667,-0.6667
1167,sm11774439,3.6667,4.3333,1.0,2.6667,3.6667,4.0,1.0,1.6667
1168,sm16980824,2.0,1.3333,3.3333,2.3333,3.0,1.0,0.3333,-0.6667
1169,sm10632158,2.0,3.3333,1.6667,2.0,2.0,2.3333,-0.3333,1.0
1170,sm8265929,1.3333,2.0,4.6667,1.6667,1.0,2.0,-1.0,-1.6667
1171,sm15980251,3.0,3.0,1.3333,2.0,4.6667,1.3333,0.6667,1.0
1172,sm5717613,1.6667,1.0,5.0,3.6667,3.0,1.6667,1.0,-2.0
1173,sm6627628,1.3333,1.0,2.6667,1.6667,4.0,2.6667,-1.0,-0.3333
1174,sm10975244,4.0,4.3333,1.3333,3.3333,4.0,4.3333,0.3333,1.3333
1175,sm13355870,2.0,1.6667,4.0,3.0,2.0,1.6667,0.3333,-0.6667
1176,sm8933166,3.6667,4.0,2.0,2.6667,3.3333,4.0,0.3333,1.3333
1177,sm14639413,2.0,2.6667,1.3333,2.3333,2.0,3.6667,-0.3333,1.0
1178,sm3197958,1.6667,1.3333,2.3333,3.3333,2.3333,2.0,0.6667,0.3333
1179,sm14760181,1.6667,1.0,4.0,2.3333,1.6667,1.6667,-1.0,-1.6667
1180,sm8529991,1.0,1.0,3.3333,2.3333,1.3333,1.3333,1.0,-1.0
1181,sm17067188,1.6667,1.3333,3.6667,2.3333,1.6667,2.6667,-1.0,-1.0
1182,sm8468717,2.6667,3.0,2.6667,2.0,4.6667,3.6667,0.3333,-0.3333
1183,sm16049992,3.6667,3.3333,1.6667,1.3333,2.0,4.0,-0.6667,0.3333
1184,sm13877207,2.3333,2.6667,3.0,1.3333,2.3333,3.6667,-0.6667,0.0
1185,sm17020500,3.3333,1.3333,2.0,4.6667,1.3333,1.0,1.6667,0.3333
1186,sm7400854,1.6667,1.6667,2.0,2.6667,2.0,1.0,0.3333,-0.6667
1187,sm3279352,3.6667,4.0,2.0,2.3333,4.3333,3.3333,0.6667,1.3333
1188,sm15533024,2.0,1.0,4.6667,2.6667,3.3333,1.0,0.0,-1.3333
1189,sm17213446,3.0,3.3333,1.0,2.0,3.6667,4.0,-0.6667,1.0
1190,sm8937853,2.6667,3.0,2.0,3.3333,3.0,1.3333,0.6667,0.0
1191,sm3971759,2.0,2.6667,1.0,1.6667,4.6667,2.0,0.3333,1.3333
1192,sm15189350,2.3333,3.0,1.3333,1.0,3.6667,3.6667,-0.6667,1.3333
1193,sm16386722,3.0,2.6667,1.3333,1.6667,3.3333,4.3333,-0.3333,1.3333
1194,sm7078981,2.3333,2.6667,3.6667,1.6667,2.3333,3.3333,-0.3333,0.0
1195,sm16076097,1.6667,2.3333,2.6667,2.0,2.0,2.3333,-0.3333,0.6667
1196,sm11964950,1.0,1.3333,4.3333,3.0,2.6667,1.3333,0.0,-1.3333
1197,sm17112691,2.0,2.3333,2.3333,1.6667,1.0,1.3333,-1.0,-0.6667
1198,sm14619871,1.0,1.0,5.0,2.0,2.6667,2.6667,-1.3333,-2.0
1199,sm5608513,2.6667,4.0,1.3333,2.0,5.0,3.6667,0.0,1.6667
1200,sm15430979,2.6667,3.6667,2.0,1.6667,1.3333,4.0,0.0,1.3333
1201,sm14849770,2.3333,1.6667,1.6667,4.3333,2.3333,1.0,1.3333,-0.6667
1202,sm11183729,1.6667,2.0,3.0,2.0,1.6667,2.3333,0.0,-0.3333
1203,sm2577615,3.6667,1.6667,2.0,4.0,4.6667,1.3333,1.3333,0.3333
1204,sm6440455,2.6667,1.6667,2.6667,4.3333,4.0,1.0,1.6667,0.3333
1205,sm16769854,1.6667,1.3333,4.3333,3.0,1.0,1.0,0.3333,-1.0
1206,sm14605161,2.0,2.0,3.6667,1.6667,1.6667,1.6667,-0.3333,0.6667
1207,sm12957824,3.0,4.0,1.6667,3.0,2.6667,3.6667,0.3333,1.3333
1208,sm7382586,3.6667,4.0,2.3333,2.3333,4.6667,4.0,-0.3333,1.3333
1209,sm13523086,1.0,1.0,3.0,3.0,4.6667,1.0,-0.3333,-1.0
1210,sm10543519,1.0,1.0,4.0,1.6667,2.3333,2.6667,-0.6667,-1.0
1211,sm5085658,1.6667,2.3333,3.0,1.3333,1.6667,3.3333,-1.0,-0.3333
1212,sm13611637,2.3333,2.0,3.6667,4.3333,2.0,2.0,0.6667,-0.6667
1213,sm12645546,3.0,2.3333,3.3333,1.0,1.3333,2.3333,-0.3333,-0.6667
1214,sm11146117,1.0,1.0,3.3333,5.0,3.6667,1.0,2.0,-0.6667
1215,sm16475295,2.0,1.3333,3.3333,2.6667,2.0,1.0,0.0,-1.0
1216,sm16588541,1.0,1.0,4.6667,2.0,2.0,2.6667,-1.0,-1.3333
1217,sm15354560,2.0,2.6667,2.3333,1.6667,3.0,2.3333,0.0,0.6667
1218,sm5657281,1.6667,1.0,3.6667,3.6667,4.0,1.0,0.3333,-1.0
1219,sm8754973,1.6667,1.6667,3.6667,1.6667,1.3333,3.3333,-1.3333,-0.3333
1220,sm7686320,1.6667,1.6667,4.6667,3.6667,3.6667,2.0,0.3333,-1.3333
1221,sm12507705,4.0,4.0,1.0,2.3333,3.3333,4.6667,0.0,2.0
1222,nm13287759,1.0,1.0,1.0,1.0,1.0,1.0,0.0,0.0
1223,sm13828417,1.3333,1.0,2.6667,2.3333,3.6667,1.3333,1.0,-0.6667
1224,sm17191781,2.0,1.6667,2.6667,2.3333,2.3333,1.6667,0.0,-0.3333
1225,sm10242501,2.6667,1.3333,3.6667,2.3333,3.6667,1.0,-0.3333,-0.6667
1226,sm16085344,2.3333,2.6667,3.6667,1.0,2.3333,4.6667,-1.3333,0.0
1227,sm10820620,2.3333,3.6667,1.6667,1.6667,2.3333,3.6667,0.0,1.0
1228,sm14829786,2.6667,4.3333,1.3333,1.3333,1.0,4.3333,0.3333,2.0
1229,sm15448244,3.0,2.3333,2.0,2.0,1.6667,3.0,0.6667,0.6667
1230,sm4028567,1.6667,2.6667,2.0,1.0,1.0,2.3333,-1.0,0.0
1231,sm3425798,1.0,1.6667,3.3333,1.3333,1.3333,1.3333,-1.3333,-0.6667
1232,sm14662292,1.0,1.0,2.3333,1.3333,3.3333,1.0,-0.6667,-0.6667
1233,sm5870324,4.0,3.6667,2.0,2.0,2.3333,3.0,0.6667,0.6667
1234,sm16913043,2.0,1.3333,4.3333,3.0,2.3333,1.6667,0.0,-1.0
1235,sm12864126,1.6667,1.3333,4.6667,3.6667,2.6667,1.6667,0.3333,-1.0
1236,sm8251494,1.3333,1.0,3.0,3.0,3.3333,1.3333,1.3333,-0.6667
1237,sm12929188,1.0,1.0,4.3333,3.0,1.6667,1.0,0.0,-1.6667
1238,sm14606732,1.0,1.0,4.3333,3.3333,3.6667,1.0,1.0,-1.0
1239,sm14934781,1.6667,1.6667,2.6667,3.6667,3.6667,1.3333,1.0,-0.3333
1240,sm14904005,2.0,1.0,3.6667,4.0,3.0,1.0,1.3333,-0.6667
1241,sm9093561,2.0,1.0,4.0,3.3333,2.0,1.6667,0.0,-0.6667
1242,sm9024627,3.3333,3.6667,1.6667,2.0,2.3333,2.6667,-0.3333,0.6667
1243,sm15841119,4.3333,4.0,1.0,4.3333,2.0,1.3333,1.3333,1.6667
1244,sm13688764,2.3333,2.6667,3.3333,1.0,1.0,3.3333,-0.3333,-0.3333
1245,sm9168029,2.6667,2.6667,3.0,2.6667,4.3333,2.0,0.0,0.0
1246,sm11252628,1.6667,1.6667,4.0,2.0,2.0,2.0,-1.3333,-1.3333
1247,sm14820593,1.3333,3.0,3.3333,1.0,1.0,3.3333,-0.3333,0.3333
1248,sm10443985,2.0,2.3333,2.6667,2.3333,3.6667,1.3333,0.3333,-0.3333
1249,sm16735237,1.6667,1.3333,4.6667,2.6667,1.6667,2.0,0.6667,-0.6667
1250,sm12264707,1.6667,1.6667,3.0,1.3333,2.0,2.3333,-0.3333,-1.0
1251,sm9292554,2.3333,2.3333,3.0,1.6667,4.6667,1.6667,-0.3333,-0.3333
1252,sm16065869,2.6667,3.3333,1.6667,1.6667,2.3333,3.6667,-0.6667,1.0
1253,sm16859428,2.3333,1.6667,2.6667,3.3333,4.3333,3.6667,0.6667,0.0
1254,sm15279074,3.0,4.0,1.3333,2.0,2.0,4.6667,0.0,1.3333
1255,sm3636268,3.0,3.0,1.0,1.0,4.0,4.3333,-1.0,0.6667
1256,sm10628168,2.6667,1.0,3.6667,3.0,2.3333,1.6667,0.3333,-1.0
1257,sm5563391,3.0,2.6667,4.0,4.0,3.3333,3.0,0.6667,0.6667
1258,sm2205860,2.6667,2.6667,1.0,5.0,4.6667,1.0,2.0,1.0
1259,sm9100218,4.0,4.0,1.0,3.0,2.6667,4.3333,0.3333,1.6667
1260,sm14011063,3.0,3.0,2.6667,2.0,2.3333,4.0,-0.3333,0.6667
1261,sm15583068,2.0,2.6667,2.6667,2.3333,2.3333,2.0,-0.6667,0.0
1262,sm7598217,3.0,2.6667,3.0,2.6667,2.3333,2.3333,-1.0,-0.3333
1263,sm16493013,3.0,3.0,2.6667,2.6667,3.0,4.0,0.0,0.6667
1264,sm3995757,3.0,2.3333,3.0,2.3333,2.3333,1.3333,0.3333,0.3333
1265,sm14657185,1.0,1.3333,3.3333,1.0,2.6667,2.6667,-1.0,0.0
1266,sm17323674,1.0,1.3333,4.3333,2.0,1.6667,2.0,-1.0,-1.3333
1267,sm15016420,2.6667,3.6667,1.0,1.6667,2.3333,2.3333,0.0,1.0
1268,sm12549171,1.6667,1.0,4.3333,2.6667,1.6667,1.6667,-0.3333,-1.6667
1269,sm14300255,2.3333,2.3333,3.6667,2.6667,1.0,3.0,-0.6667,0.0
1270,sm2088347,2.3333,2.3333,2.6667,2.3333,4.3333,3.3333,1.0,0.3333
1271,sm12339479,1.0,1.0,5.0,2.3333,2.0,1.0,0.0,-2.0
1272,sm7597329,3.3333,4.0,1.0,1.3333,3.0,4.6667,0.6667,1.3333
1273,sm8661117,1.3333,1.0,1.6667,5.0,4.6667,1.6667,2.0,0.0
1274,sm15922203,2.0,3.0,2.3333,1.0,1.3333,3.6667,-1.0,-0.3333
1275,sm13988881,2.0,2.3333,1.3333,1.0,3.3333,4.3333,-0.6667,0.0
1276,sm13933448,1.3333,1.3333,4.0,1.6667,2.0,1.3333,-0.6667,-1.3333
1277,sm16201802,2.6667,2.3333,4.6667,1.0,1.3333,3.6667,-1.3333,-1.3333
1278,sm12718205,1.0,2.6667,3.6667,1.3333,1.0,3.6667,-0.6667,0.3333
1279,sm6980351,1.0,1.0,4.3333,2.3333,1.6667,1.6667,-1.6667,-2.0
1280,sm10037227,1.0,1.0,5.0,3.6667,1.3333,1.0,1.0,-1.6667
1281,sm9409012,3.0,4.3333,1.6667,1.0,3.3333,4.6667,-0.3333,0.6667
1282,sm14731596,3.6667,4.0,1.6667,2.0,3.6667,5.0,0.3333,1.6667
1283,sm13361994,2.3333,2.3333,1.0,1.6667,3.0,3.0,0.3333,0.6667
1284,sm7992704,1.0,1.0,3.0,2.3333,2.6667,1.0,-0.6667,-1.3333
1285,sm8194738,2.6667,2.6667,3.0,4.0,3.6667,3.3333,0.3333,-0.3333
1286,sm3534601,2.3333,2.3333,3.0,2.0,1.0,3.3333,-0.6667,0.0
1287,sm16969007,1.6667,2.3333,3.3333,1.0,3.0,3.6667,-1.3333,0.6667
1288,sm9731365,1.3333,2.0,3.6667,1.3333,1.3333,2.0,-1.3333,-0.6667
1289,sm17015301,3.0,4.0,1.0,1.6667,3.6667,4.0,0.0,1.0
1290,sm10219141,2.0,1.6667,3.3333,3.3333,2.0,2.0,1.0,-0.3333
1291,sm16069888,2.3333,3.0,3.3333,1.3333,1.3333,3.0,-1.0,0.0
1292,sm11080597,3.6667,4.0,1.6667,3.0,4.6667,3.3333,0.6667,1.0
1293,sm14679230,3.3333,4.3333,1.0,3.0,2.3333,3.3333,0.3333,1.6667
1294,sm8098660,2.3333,1.0,3.6667,4.6667,2.6667,2.0,2.0,-0.6667
1295,sm6165498,1.3333,1.3333,4.6667,2.6667,1.0,3.3333,-0.6667,-1.6667
1296,sm4451787,2.3333,1.3333,4.6667,1.3333,2.3333,1.3333,0.6667,-1.3333
1297,sm16799739,3.0,1.3333,4.0,2.6667,4.0,1.6667,1.0,-1.0
1298,sm5114973,2.3333,3.3333,2.6667,3.3333,4.6667,3.3333,0.6667,0.6667
1299,sm9797544,2.6667,2.3333,3.3333,2.3333,3.6667,3.0,-1.0,0.0
1300,sm7504739,2.0,1.3333,3.3333,2.0,2.6667,1.6667,-0.3333,-1.0
1301,sm12090023,3.0,1.3333,4.3333,4.0,2.3333,2.3333,0.6667,-1.3333
1302,sm4917069,2.3333,1.6667,4.6667,2.6667,1.6667,2.0,-0.3333,-1.6667
1303,sm6030356,1.3333,1.0,3.6667,2.3333,4.0,1.3333,0.0,-1.0
1304,sm13124416,2.6667,2.6667,2.6667,2.3333,4.0,3.3333,0.0,0.3333
1305,sm15522291,2.6667,1.0,3.3333,2.0,1.6667,2.6667,-0.6667,-1.6667
1306,sm11760748,2.0,1.6667,2.6667,2.0,1.6667,2.0,0.0,-0.3333
1307,sm6601567,3.6667,1.6667,3.6667,3.3333,2.0,3.3333,1.3333,-0.6667
1308,sm9154541,2.0,2.0,3.0,1.3333,2.0,2.6667,-1.0,-1.0
1309,sm8119054,2.3333,2.0,2.0,3.0,2.0,2.0,1.3333,-0.3333
1310,sm10907267,3.3333,2.6667,1.6667,2.6667,2.3333,1.6667,-0.3333,0.0
1311,sm15230821,1.6667,1.3333,4.6667,2.0,1.3333,2.3333,-1.3333,-1.0
1312,sm4271005,4.0,4.3333,1.3333,2.0,3.3333,3.3333,-0.3333,1.3333
1313,sm12556756,1.6667,1.6667,3.3333,1.0,2.0,3.0,-0.3333,-0.6667
1314,sm4291081,2.6667,3.6667,1.6667,1.6667,3.0,4.3333,0.0,1.3333
1315,sm12894209,2.3333,1.3333,3.0,3.6667,3.0,1.3333,0.6667,-0.3333
1316,sm16309692,1.0,2.0,4.0,1.6667,2.0,2.6667,-1.0,-0.3333
1317,sm11049254,2.3333,4.0,1.0,2.0,3.0,4.6667,-1.0,1.3333
1318,sm15875228,2.6667,3.0,2.0,1.0,1.6667,3.3333,0.0,0.6667
1319,sm6991834,1.6667,1.6667,1.0,1.0,3.6667,3.3333,-0.6667,0.3333
1320,sm13207406,1.3333,1.0,4.6667,3.0,2.6667,2.3333,0.3333,-1.3333
1321,sm8670561,3.3333,3.6667,1.0,2.0,5.0,3.0,0.0,0.6667
1322,sm9794134,1.6667,2.3333,3.3333,1.0,2.3333,2.0,-1.6667,-1.0
1323,sm6677536,1.6667,1.3333,5.0,2.3333,1.0,2.6667,-0.6667,-1.0
1324,sm15522536,1.3333,2.0,4.6667,1.6667,2.0,3.0,-1.3333,-1.3333
1325,sm10626762,3.0,2.6667,1.3333,2.0,1.6667,2.3333,0.3333,1.0
1326,sm15970184,2.6667,1.3333,4.3333,1.6667,2.0,2.0,-0.3333,-1.3333
1327,sm10533832,1.0,1.3333,5.0,1.6667,2.6667,2.0,-1.3333,-2.0
1328,sm12183265,2.0,1.0,3.6667,3.6667,2.0,1.0,-0.3333,-1.3333
1329,sm4225465,1.0,1.0,1.0,1.0,1.0,1.0,0.0,0.0
1330,sm11398357,2.3333,2.3333,4.0,4.3333,2.0,2.6667,1.3333,-0.3333
1331,sm12347529,2.0,1.6667,3.3333,1.0,3.3333,2.3333,-0.6667,-0.6667
1332,sm15714327,1.6667,1.3333,4.6667,1.6667,1.3333,1.0,-1.3333,-1.6667
1333,sm3419490,1.0,1.0,1.0,1.0,1.0,1.0,0.0,0.0
1334,sm13667717,2.3333,1.6667,2.0,3.0,4.6667,2.0,0.0,0.3333
1335,sm16765671,2.3333,2.0,4.0,2.3333,2.0,1.3333,0.3333,-0.3333
1336,sm14637044,1.3333,1.0,3.6667,4.6667,3.0,1.3333,0.6667,0.0
1337,sm16772487,2.3333,2.0,4.0,3.6667,2.3333,3.3333,0.3333,-0.3333
1338,sm17235354,3.0,2.3333,2.3333,4.0,2.0,2.0,1.3333,0.3333
1339,sm2827322,2.6667,3.3333,1.3333,1.3333,2.0,4.0,-0.3333,1.0
1340,sm4775983,1.6667,1.0,4.6667,4.0,2.3333,1.0,0.0,-1.6667
1341,sm15318436,2.0,1.3333,4.0,2.6667,4.0,1.0,-0.3333,-1.0
1342,sm2533949,2.6667,4.0,1.6667,2.0,3.0,2.6667,-0.6667,1.0
1343,sm16448432,1.3333,1.3333,4.3333,2.3333,2.0,2.3333,-1.3333,-1.6667
1344,sm16387915,1.6667,1.0,4.0,3.3333,1.3333,1.0,-1.0,-1.3333
1345,sm5948584,1.3333,1.0,4.3333,3.3333,2.0,2.0,1.0,-1.0
1346,sm7215797,1.6667,1.0,4.6667,2.3333,3.3333,1.0,-0.6667,-2.0
1347,sm9537937,4.0,3.6667,1.0,2.0,3.3333,4.3333,-0.3333,1.0
1348,sm8061167,2.3333,2.0,3.6667,3.6667,2.3333,2.0,-0.3333,-0.6667
1349,sm13087456,1.6667,1.3333,3.0,4.0,2.0,1.0,0.3333,-1.0
1350,sm7527985,2.0,3.0,1.3333,1.0,2.6667,3.6667,-1.6667,0.6667
1351,sm3045725,2.0,1.6667,2.0,2.6667,3.0,1.6667,0.3333,0.0
1352,sm7093221,2.3333,1.6667,3.6667,2.0,2.0,1.6667,-0.6667,-1.3333
1353,sm4669648,1.3333,1.0,4.6667,4.0,2.0,1.3333,0.6667,-1.6667
1354,sm2039810,1.6667,1.0,3.0,1.0,2.6667,1.0,-0.3333,-1.3333
1355,sm6119553,1.3333,1.0,4.3333,2.0,1.3333,1.6667,-0.6667,-1.6667
1356,sm12588223,1.0,1.0,5.0,2.6667,2.3333,1.0,0.0,-2.0
1357,sm9874221,1.0,1.0,4.6667,2.6667,2.3333,1.3333,-0.3333,-2.0
1358,sm15844332,2.0,1.6667,4.0,1.6667,2.0,2.0,-0.3333,-0.6667
1359,sm7878515,1.6667,1.0,4.6667,2.6667,2.3333,1.6667,0.0,-1.6667
1360,sm11788815,1.0,1.0,5.0,3.0,1.6667,1.3333,-1.6667,-2.0
1361,sm15207451,1.0,1.3333,4.3333,2.0,1.0,3.3333,-1.3333,-1.3333
1362,sm14270346,1.3333,1.3333,3.3333,2.3333,1.6667,1.3333,0.0,-0.6667
1363,sm6727398,1.0,1.0,4.0,2.6667,2.0,1.6667,-0.3333,-1.3333
1364,sm2653480,2.6667,2.3333,2.0,4.3333,1.6667,1.0,1.0,0.6667
1365,sm8712532,2.6667,2.3333,1.6667,1.3333,3.0,3.0,-1.0,0.6667
1366,sm15825105,2.3333,1.0,4.0,4.3333,4.6667,1.6667,0.6667,-1.3333
1367,sm11270299,2.0,2.0,4.3333,2.3333,2.3333,2.0,-1.0,-1.0
1368,sm12616812,2.0,2.3333,3.0,1.6667,2.3333,3.0,-1.3333,0.0
1369,sm13121567,3.3333,4.3333,1.3333,1.6667,2.0,4.0,0.0,1.3333
1370,sm17092280,2.6667,2.6667,2.6667,1.6667,2.6667,3.3333,0.0,0.3333
1371,sm7811586,2.6667,2.0,3.3333,2.3333,3.0,2.6667,0.0,-0.3333
1372,sm10175368,2.0,1.0,3.3333,2.0,3.0,2.0,0.0,-0.3333
1373,sm12396792,2.3333,2.0,3.6667,4.0,2.3333,2.0,0.3333,-0.6667
1374,sm13283978,1.3333,1.3333,4.0,2.3333,1.6667,1.6667,0.0,-1.0
1375,sm15686051,3.6667,2.6667,1.3333,2.6667,4.0,3.6667,0.0,1.3333
1376,sm7550182,2.6667,1.0,3.6667,3.6667,4.0,1.6667,0.6667,-0.6667
1377,sm17201316,2.3333,2.6667,2.3333,2.6667,3.0,3.0,0.6667,-0.3333
1378,sm7681611,1.0,1.0,3.0,1.3333,2.6667,1.0,-0.6667,-1.0
1379,sm11139657,1.3333,1.0,4.6667,2.0,1.0,2.0,-0.6667,-1.6667
1380,sm16729081,3.3333,3.6667,1.6667,1.3333,3.3333,3.6667,-0.6667,1.0
1381,sm13984259,1.3333,1.3333,4.3333,2.3333,1.0,1.0,-0.6667,-1.3333
1382,sm16827089,1.3333,1.6667,3.6667,4.3333,3.3333,1.0,0.6667,-1.0
1383,sm12468990,3.0,4.0,1.3333,1.3333,1.6667,3.6667,-0.3333,1.3333
1384,sm15933955,2.3333,2.3333,2.3333,1.3333,2.0,3.3333,-1.3333,0.3333
1385,sm15789837,1.0,2.6667,3.6667,1.0,1.6667,2.6667,-1.0,-0.3333
1386,sm12835874,2.6667,2.6667,2.0,1.6667,1.6667,3.3333,0.0,1.3333
1387,sm16011363,2.0,1.3333,4.0,2.6667,2.0,1.6667,1.0,-1.0
1388,sm15107170,3.3333,2.6667,1.6667,4.3333,4.6667,2.6667,0.0,0.0
1389,sm11237572,2.0,1.0,3.3333,4.0,1.6667,1.0,1.6667,-1.3333
1390,sm10446457,3.3333,3.6667,1.0,1.3333,2.3333,3.3333,0.6667,1.3333
1391,sm2489873,2.0,2.3333,3.0,1.3333,2.0,2.6667,-0.3333,-0.6667
1392,sm13539726,3.3333,3.0,1.6667,4.0,2.0,2.3333,0.6667,0.0
1393,sm2519176,1.3333,1.6667,3.6667,2.0,2.3333,1.0,-1.6667,-0.6667
1394,sm16409992,2.0,1.0,3.3333,1.6667,4.0,2.0,-0.6667,-0.6667
1395,sm11407152,1.3333,1.0,3.0,3.0,1.6667,1.0,-1.0,-2.0
1396,sm15044727,1.6667,1.0,3.6667,1.6667,2.0,1.0,-0.3333,-1.0
1397,sm12581573,2.0,2.6667,3.3333,3.0,4.6667,2.0,-0.3333,1.0
1398,sm15815944,2.3333,1.0,2.3333,3.6667,2.6667,1.0,1.0,0.0
1399,nm12177206,1.0,1.0,1.0,1.0,1.0,1.0,0.0,0.0
1400,sm7400945,2.0,1.3333,4.6667,3.3333,2.3333,2.0,0.0,-1.0
1401,sm9829617,3.0,2.3333,1.6667,1.6667,2.6667,2.6667,-0.3333,0.3333
1402,sm15652860,2.6667,1.6667,3.3333,1.3333,3.6667,2.6667,-0.3333,-0.3333
1403,sm11294837,1.6667,1.0,3.6667,1.3333,1.0,1.0,-0.3333,-1.3333
1404,sm4218005,2.6667,3.3333,1.3333,1.6667,2.3333,4.6667,-0.3333,1.0
1405,sm14641461,1.0,1.0,5.0,4.0,1.3333,1.0,1.3333,-2.0
1406,sm12476122,2.3333,2.6667,3.3333,1.3333,2.3333,4.3333,-1.0,0.3333
1407,sm9022413,1.3333,1.3333,3.3333,1.3333,1.6667,1.6667,-1.0,-1.0
1408,sm5332638,2.0,2.0,3.3333,1.6667,3.6667,2.0,-0.3333,-0.6667
1409,sm13975932,1.0,1.0,4.0,1.3333,2.3333,2.6667,-1.6667,-1.3333
1410,sm17213108,3.0,3.6667,1.3333,1.0,1.0,4.6667,-0.6667,1.3333
1411,sm14274692,2.6667,1.0,4.6667,5.0,3.0,1.0,2.0,-1.3333
1412,sm15428781,2.6667,1.0,4.0,4.3333,3.3333,1.0,2.0,-1.0
1413,sm15289816,2.3333,1.0,5.0,2.3333,1.6667,1.0,-1.0,-2.0
1414,sm15010446,1.6667,1.0,4.6667,3.3333,2.0,1.0,0.3333,-1.6667
1415,sm5486732,2.3333,1.6667,4.6667,3.0,2.0,1.6667,-1.0,-1.3333
1416,sm9174236,1.6667,1.0,3.0,1.0,3.6667,1.3333,-0.3333,-0.3333
1417,sm7807845,3.0,4.0,1.3333,1.6667,2.3333,4.3333,0.0,1.3333
1418,sm15676851,3.0,3.0,1.3333,1.3333,2.3333,4.0,0.3333,0.3333
1419,sm12757490,4.0,4.0,1.0,2.6667,1.3333,3.0,0.3333,1.0
1420,sm16352396,1.0,1.0,5.0,4.3333,1.6667,2.0,1.6667,-2.0
1421,sm1718025,1.6667,2.0,1.3333,1.3333,5.0,2.0,-0.3333,0.3333
1422,sm8326494,1.0,1.0,4.3333,1.6667,1.6667,1.0,-2.0,-1.6667
1423,sm9213450,3.0,2.3333,3.0,3.6667,4.3333,1.6667,0.6667,0.6667
1424,sm14700702,2.6667,3.0,4.3333,1.0,2.0,4.6667,-0.6667,0.0
1425,sm16137694,2.3333,2.3333,2.6667,3.3333,3.6667,3.3333,0.6667,0.0
1426,sm3950088,3.0,2.3333,1.6667,3.3333,4.0,2.0,0.6667,0.3333
1427,sm12981881,3.0,3.0,3.0,2.0,3.3333,2.6667,0.6667,-0.3333
1428,sm2758851,2.3333,1.6667,2.0,1.6667,3.0,3.6667,-0.6667,0.6667
1429,sm12967128,2.0,2.0,2.6667,4.3333,2.0,1.6667,0.3333,0.0
1430,sm16405963,2.0,3.6667,1.0,1.6667,5.0,2.6667,0.0,1.3333
1431,sm9430710,1.0,1.0,1.0,1.0,1.0,1.0,0.0,0.0
1432,sm16229812,3.3333,2.0,3.6667,2.6667,4.0,1.6667,0.0,-0.3333
1433,sm17336304,2.0,1.6667,3.0,2.0,2.3333,2.0,-1.3333,-1.0
1434,sm16973327,2.6667,1.3333,3.0,4.0,2.3333,2.6667,1.3333,-0.3333
1435,sm16693218,1.3333,2.0,1.6667,1.3333,4.0,1.3333,0.3333,0.0
1436,sm5281569,1.6667,1.3333,4.0,2.3333,2.6667,1.6667,-1.0,-0.6667
1437,sm15099538,2.3333,2.3333,4.0,3.0,2.0,3.0,-0.6667,-1.0
1438,sm9093103,1.0,1.0,3.6667,1.6667,2.3333,1.6667,-1.6667,-1.0
1439,sm15474540,1.6667,2.0,2.6667,2.3333,1.3333,1.3333,-2.0,0.0
1440,sm4966548,2.0,2.0,3.0,2.0,1.0,1.6667,0.0,-0.6667
1441,sm8091446,1.3333,1.0,3.0,3.3333,4.3333,2.3333,-0.6667,-0.6667
1442,sm10453745,2.6667,1.6667,4.0,3.0,2.3333,1.6667,-0.6667,-1.0
1443,sm15101518,3.6667,4.3333,1.0,1.6667,4.0,4.3333,0.0,1.6667
1444,sm12671927,1.3333,2.0,4.3333,1.3333,1.6667,3.3333,-1.0,-0.6667
1445,sm12990765,3.3333,3.3333,1.6667,2.0,4.3333,2.6667,0.3333,0.0
1446,sm14367556,2.0,1.6667,3.6667,2.6667,3.3333,1.3333,0.0,-0.3333
1447,sm17142789,3.3333,4.0,1.0,1.0,1.6667,2.3333,0.0,1.6667
1448,sm16583264,1.0,1.3333,4.0,2.3333,2.6667,4.3333,0.3333,-0.6667
1449,sm2553659,3.6667,3.6667,2.6667,1.0,2.3333,3.3333,-0.6667,1.0
1450,sm8163888,3.0,2.3333,1.3333,1.3333,3.0,3.6667,0.3333,1.3333
1451,sm16719809,4.3333,4.6667,1.0,1.3333,3.0,4.6667,0.3333,1.0
1452,sm14742092,2.6667,3.6667,2.0,2.0,3.0,4.6667,-0.6667,1.0
1453,sm14945102,3.0,3.6667,2.6667,2.3333,2.3333,4.3333,-0.6667,0.6667
1454,sm12365006,4.3333,4.0,1.0,1.0,4.0,4.3333,-0.3333,1.6667
1455,sm15553296,1.6667,1.0,4.6667,4.0,2.3333,1.0,1.6667,-1.6667
1456,sm16070272,1.3333,1.0,2.3333,3.0,2.3333,1.0,0.3333,-0.3333
1457,sm15719565,2.0,2.3333,2.3333,2.0,2.0,3.3333,-1.0,-0.6667
1458,sm14639128,1.6667,1.3333,3.6667,1.3333,1.3333,1.6667,-1.0,-1.3333
1459,sm3698889,2.0,1.0,4.0,2.3333,2.3333,1.6667,0.0,-1.0
1460,sm3032672,1.0,1.0,4.0,2.0,2.0,1.0,-0.6667,-0.6667
1461,sm14019085,2.6667,3.3333,3.0,2.6667,2.0,2.6667,-0.3333,0.0
1462,sm4611428,2.6667,3.6667,1.6667,2.3333,3.0,3.3333,0.0,1.3333
1463,sm13306896,3.0,3.0,3.0,2.0,4.6667,3.0,-0.3333,0.0
1464,sm16734827,2.3333,1.6667,3.0,2.3333,3.3333,3.0,-1.0,-0.3333
1465,sm4611149,1.6667,2.6667,3.6667,1.6667,2.6667,2.3333,-1.3333,0.0
1466,sm9538407,1.3333,1.6667,4.3333,2.0,2.0,2.0,-1.0,-1.0
1467,sm14989713,1.3333,1.0,4.6667,2.0,1.6667,2.0,-1.3333,-1.3333
1468,sm16659931,2.0,1.0,4.3333,2.3333,2.0,2.6667,-1.0,-0.6667
1469,sm14188383,1.6667,1.3333,2.3333,2.6667,3.0,1.0,0.0,-0.6667
1470,sm15741427,3.3333,2.6667,3.6667,4.0,3.0,1.6667,1.0,-0.3333
1471,sm12355109,1.6667,1.6667,4.6667,1.0,2.6667,2.6667,-0.6667,-1.6667
1472,sm12647084,2.0,1.6667,4.0,3.3333,1.6667,1.0,0.6667,-1.6667
1473,sm15853580,1.6667,2.6667,1.6667,1.0,3.3333,3.0,-1.0,-0.3333
1474,sm10565041,1.3333,2.0,4.0,1.0,1.3333,2.3333,-0.6667,-1.0
1475,sm4554935,2.6667,3.3333,1.0,1.0,2.6667,3.6667,-0.6667,1.0
1476,sm11240351,3.0,3.6667,1.3333,1.6667,1.6667,4.6667,0.0,1.6667
1477,sm8707393,3.0,2.3333,1.0,1.6667,3.6667,3.3333,0.0,1.0
1478,sm16768902,3.3333,3.6667,1.0,2.6667,4.6667,1.6667,1.0,1.0
1479,sm9708587,3.0,3.3333,1.6667,2.3333,4.3333,3.0,0.0,1.3333
1480,sm11970630,3.6667,3.6667,3.0,2.0,3.6667,3.0,-0.3333,0.6667
1481,sm9981341,3.0,2.6667,1.6667,3.0,3.0,2.3333,1.0,0.0
1482,sm2584252,2.0,2.3333,4.0,1.0,1.0,1.6667,-1.6667,-1.3333
1483,sm15572522,1.3333,1.0,4.3333,3.0,1.6667,3.0,-0.3333,-1.0
1484,sm15022913,1.3333,1.0,3.3333,1.6667,2.6667,3.0,-0.3333,-1.0
1485,sm14023769,3.0,3.6667,1.0,1.0,4.0,5.0,-0.6667,2.0
1486,sm11589161,3.0,2.6667,3.6667,2.3333,1.6667,3.6667,-1.0,1.0
1487,nm10674682,1.0,1.0,1.0,1.0,1.0,1.0,0.0,0.0
1488,sm11325190,3.0,4.0,1.6667,1.0,2.6667,4.0,0.3333,1.0
1489,sm15015175,1.0,1.0,3.0,2.0,2.0,1.6667,-0.6667,-1.0
1490,sm5296638,1.6667,1.0,4.3333,2.3333,1.0,1.0,-0.6667,-1.3333
1491,sm9228896,1.6667,1.3333,4.3333,3.3333,3.3333,1.0,-0.3333,-1.3333
1492,sm1884912,1.6667,1.6667,1.6667,1.3333,4.0,1.6667,0.6667,-0.6667
1493,sm15361114,3.0,1.3333,4.6667,4.3333,1.3333,1.6667,1.3333,-1.6667
1494,sm10971662,1.0,1.3333,1.3333,1.6667,1.6667,1.0,0.0,0.0
1495,sm5332327,2.0,1.6667,4.3333,1.3333,1.3333,1.3333,-1.6667,-0.6667
1496,sm15751190,2.6667,2.3333,2.6667,2.6667,4.0,3.0,0.6667,0.3333
1497,sm9854305,1.6667,1.3333,4.0,4.0,2.0,2.3333,0.3333,-1.0
1498,sm9682775,1.6667,1.0,4.3333,2.6667,2.0,1.6667,0.0,-1.3333
1499,sm7897854,2.6667,1.0,4.0,3.0,2.0,1.0,0.6667,-1.6667
